id,date,amount,from_amount,to_amount,type,description,section,category,category_type,section_icon,section_color,contact,contact_type,from_account_group,from_account_group_icon,from_account,from_account_currency,to_account_group,to_account_group_icon,to_account,to_account_currency,currency,tags,receipt_id,is_recurring
demo-us-000001,2025-01-01,4820.35,0.00,4820.35,initial_balance,Opening balance,,,,,,,,,,,,Bank Accounts,account_balance,Chase Checking,USD,USD,,,false
demo-us-000002,2025-01-01,14850.00,0.00,14850.00,initial_balance,Opening balance,,,,,,,,,,,,Bank Accounts,savings,Ally High Yield Savings,USD,USD,,,false
demo-us-000003,2025-01-01,165.25,0.00,165.25,initial_balance,Opening balance,,,,,,,,,,,,Cash,account_balance_wallet,Apple Cash,USD,USD,,,false
demo-us-000004,2025-01-01,38640.00,0.00,38640.00,initial_balance,Opening balance,,,,,,,,,,,,Investments,trending_up,Fidelity Brokerage,USD,USD,,,false
demo-us-000005,2025-01-01,64200.00,0.00,64200.00,initial_balance,Opening balance,,,,,,,,,,,,Investments,account_balance,Vanguard Roth IRA,USD,USD,,,false
demo-us-000006,2025-01-01,-1840.25,1840.25,0.00,initial_balance,Opening balance,,,,,,,,Credit Cards,credit_card,Apple Card,USD,,,,,USD,,,false
demo-us-000007,2025-01-01,-920.80,920.80,0.00,initial_balance,Opening balance,,,,,,,,Credit Cards,credit_card,Amex Blue Cash,USD,,,,,USD,,,false
demo-us-000008,2025-01-01,-18250.00,18250.00,0.00,initial_balance,Opening balance,,,,,,,,Loans,directions_car,Capital One Auto Loan,USD,,,,,USD,,,false
demo-us-000009,2025-01-01,-2150.00,2150.00,0.00,expense,ACH rent payment - Riverside Apartments,Home,Rent,needs,home,#3B82F6,Riverside Apartments,companies,Bank Accounts,account_balance,Chase Checking,USD,,,,,USD,fixed-cost,,true
demo-us-000051,2025-01-01,-59.45,59.45,0.00,expense,Gas station,Transportation,Gas,needs,directions_car,#F97316,Shell,stores,Credit Cards,credit_card,Amex Blue Cash,USD,,,,,USD,commute,,false
demo-us-000025,2025-01-02,-64.32,64.32,0.00,expense,Target grocery run,Groceries,Groceries,needs,shopping_bag,#22C55E,Target,stores,Credit Cards,credit_card,Apple Card,USD,,,,,USD,target-run,,false
demo-us-000010,2025-01-03,-185.64,185.64,0.00,expense,Health insurance premium,Health,Health Insurance,needs,local_hospital,#EC4899,Blue Cross Blue Shield,healthcare,Bank Accounts,account_balance,Chase Checking,USD,,,,,USD,fixed-cost,,true
demo-us-000048,2025-01-03,-50.58,50.58,0.00,expense,Gas station,Transportation,Gas,needs,directions_car,#F97316,Chevron,stores,Credit Cards,credit_card,Amex Blue Cash,USD,,,,,USD,commute,,false
demo-us-000011,2025-01-05,-79.99,79.99,0.00,expense,Fiber internet,Home,Internet,needs,home,#3B82F6,Verizon Fios,companies,Bank Accounts,account_balance,Chase Checking,USD,,,,,USD,fixed-cost,,true
demo-us-000059,2025-01-05,-35.19,35.19,0.00,expense,"Movies, events, or streaming",Lifestyle,Books,wants,local_activity,#A855F7,Audible,companies,Credit Cards,credit_card,Apple Card,USD,,,,,USD,subscription,,false
demo-us-000012,2025-01-06,-62.50,62.50,0.00,expense,Mobile phone plan,Home,Phone,needs,home,#3B82F6,T-Mobile,companies,Credit Cards,credit_card,Apple Card,USD,,,,,USD,fixed-cost,,true
demo-us-000026,2025-01-06,-120.69,120.69,0.00,expense,Trader Joe's grocery run,Groceries,Groceries,needs,shopping_bag,#22C55E,Trader Joe's,stores,Credit Cards,credit_card,Apple Card,USD,,,,,USD,split-receipt,receipt-202501-6,false
demo-us-000027,2025-01-06,-18.79,18.79,0.00,expense,Trader Joe's household items,Shopping,Household Supplies,needs,shopping_cart,#F59E0B,Trader Joe's,stores,Credit Cards,credit_card,Apple Card,USD,,,,,USD,split-receipt,receipt-202501-6,false
demo-us-000022,2025-01-07,0.00,650.00,650.00,transfer,Automatic savings transfer,,,,,,,,Bank Accounts,account_balance,Chase Checking,USD,Bank Accounts,savings,Ally High Yield Savings,USD,USD,,,true
demo-us-000049,2025-01-07,-41.51,41.51,0.00,expense,Gas station,Transportation,Gas,needs,directions_car,#F97316,Costco Gas,stores,Bank Accounts,account_balance,Chase Checking,USD,,,,,USD,commute,,false
demo-us-000013,2025-01-08,-91.89,91.89,0.00,expense,Electric utility bill,Home,Utilities,needs,home,#3B82F6,Con Edison,companies,Bank Accounts,account_balance,Chase Checking,USD,,,,,USD,fixed-cost,,true
demo-us-000039,2025-01-08,-79.56,79.56,0.00,expense,Neighborhood Pizza,Dining,Restaurants,wants,restaurant,#EF4444,Neighborhood Pizza,cafes,Credit Cards,credit_card,Apple Card,USD,,,,,USD,family-night,,false
demo-us-000042,2025-01-08,-34.39,34.39,0.00,expense,Local Thai Kitchen,Dining,Restaurants,wants,restaurant,#EF4444,Local Thai Kitchen,cafes,Credit Cards,credit_card,Apple Card,USD,,,,,USD,date-night,,false
demo-us-000052,2025-01-08,-127.45,127.45,0.00,expense,Best Buy,Shopping,Electronics,wants,shopping_cart,#F59E0B,Best Buy,stores,Bank Accounts,account_balance,Chase Checking,USD,,,,,USD,home-office,,false
demo-us-000046,2025-01-09,-73.36,73.36,0.00,expense,Local Thai Kitchen,Dining,Restaurants,wants,restaurant,#EF4444,Local Thai Kitchen,cafes,Credit Cards,credit_card,Apple Card,USD,,,,,USD,date-night,,false
demo-us-000014,2025-01-10,-130.78,130.78,0.00,expense,Natural gas bill,Home,Utilities,needs,home,#3B82F6,National Grid,companies,Bank Accounts,account_balance,Chase Checking,USD,,,,,USD,fixed-cost;winter-peak,,true
demo-us-000028,2025-01-10,-229.41,229.41,0.00,expense,Costco grocery run,Groceries,Groceries,needs,shopping_bag,#22C55E,Costco,stores,Credit Cards,credit_card,Apple Card,USD,,,,,USD,bulk-stockup,,false
demo-us-000050,2025-01-11,-36.12,36.12,0.00,expense,Gas station,Transportation,Gas,needs,directions_car,#F97316,Chevron,stores,Credit Cards,credit_card,Amex Blue Cash,USD,,,,,USD,commute,,false
demo-us-000015,2025-01-12,-132.40,132.40,0.00,expense,Auto insurance,Transportation,Car Insurance,needs,directions_car,#F97316,GEICO,companies,Bank Accounts,account_balance,Chase Checking,USD,,,,,USD,fixed-cost,,true
demo-us-000045,2025-01-12,-22.92,22.92,0.00,expense,Sweetgreen,Dining,Lunch,wants,restaurant,#EF4444,Sweetgreen,cafes,Credit Cards,credit_card,Apple Card,USD,,,,,USD,workday,,false
demo-us-000055,2025-01-12,-45.28,45.28,0.00,expense,Target,Shopping,Household Supplies,needs,shopping_cart,#F59E0B,Target,stores,Credit Cards,credit_card,Apple Card,USD,,,,,USD,weekly-errands,,false
demo-us-000029,2025-01-13,-77.16,77.16,0.00,expense,Trader Joe's grocery run,Groceries,Groceries,needs,shopping_bag,#22C55E,Trader Joe's,stores,Credit Cards,credit_card,Apple Card,USD,,,,,USD,weekly-errands,,false
demo-us-000040,2025-01-13,-27.09,27.09,0.00,expense,Starbucks,Dining,Coffee,wants,restaurant,#EF4444,Starbucks,cafes,Credit Cards,credit_card,Apple Card,USD,,,,,USD,workday,,false
demo-us-000056,2025-01-13,-35.06,35.06,0.00,expense,Walgreens,Health,Medication,needs,local_hospital,#EC4899,Walgreens,healthcare,Bank Accounts,account_balance,Chase Checking,USD,,,,,USD,hsa-eligible,,false
demo-us-000047,2025-01-14,-42.72,42.72,0.00,expense,Gas station,Transportation,Gas,needs,directions_car,#F97316,Shell,stores,Credit Cards,credit_card,Amex Blue Cash,USD,,,,,USD,commute,,false
demo-us-000019,2025-01-15,3250.00,0.00,3250.00,income,Payroll direct deposit,Income,Salary,,payments,#10B981,Northstar Software,companies,,,,,Bank Accounts,account_balance,Chase Checking,USD,USD,primary-income,,true
demo-us-000016,2025-01-16,-425.00,425.00,425.00,expense,Auto loan payment,Transportation,Auto Loan,needs,directions_car,#F97316,Capital One Auto Finance,companies,Bank Accounts,account_balance,Chase Checking,USD,Loans,directions_car,Capital One Auto Loan,USD,USD,fixed-cost,,true
demo-us-000030,2025-01-17,-76.01,76.01,0.00,expense,Kroger grocery run,Groceries,Groceries,needs,shopping_bag,#22C55E,Kroger,stores,Bank Accounts,account_balance,Chase Checking,USD,,,,,USD,split-receipt,receipt-202501-17,false
demo-us-000031,2025-01-17,-28.42,28.42,0.00,expense,Kroger household items,Shopping,Household Supplies,needs,shopping_cart,#F59E0B,Kroger,stores,Credit Cards,credit_card,Apple Card,USD,,,,,USD,split-receipt,receipt-202501-17,false
demo-us-000017,2025-01-18,-600.00,600.00,600.00,expense,Roth IRA contribution,Savings & Investing,Retirement,savings,savings,#0EA5E9,Vanguard,investments,Bank Accounts,account_balance,Chase Checking,USD,Investments,account_balance,Vanguard Roth IRA,USD,USD,long-term-goals,,true
demo-us-000057,2025-01-19,-92.51,92.51,0.00,expense,One Medical,Health,Doctor Visit,needs,local_hospital,#EC4899,One Medical,healthcare,Bank Accounts,account_balance,Chase Checking,USD,,,,,USD,hsa-eligible,,false
demo-us-000058,2025-01-19,-131.18,131.18,0.00,expense,Kids activities and supplies,Family,Kids Activities,wants,family_restroom,#8B5CF6,YMCA,companies,Credit Cards,credit_card,Apple Card,USD,,,,,USD,after-school,,false
demo-us-000018,2025-01-20,-250.00,250.00,250.00,expense,Brokerage contribution,Savings & Investing,Investments,savings,savings,#0EA5E9,Fidelity,investments,Bank Accounts,account_balance,Chase Checking,USD,Investments,trending_up,Fidelity Brokerage,USD,USD,long-term-goals,,true
demo-us-000032,2025-01-20,-110.65,110.65,0.00,expense,Kroger grocery run,Groceries,Groceries,needs,shopping_bag,#22C55E,Kroger,stores,Credit Cards,credit_card,Apple Card,USD,,,,,USD,weekly-errands,,false
demo-us-000023,2025-01-23,0.00,1632.16,1632.16,transfer,Credit card payment,,,,,,,,Bank Accounts,account_balance,Chase Checking,USD,Credit Cards,credit_card,Apple Card,USD,USD,,,true
demo-us-000033,2025-01-23,-85.86,85.86,0.00,expense,Costco grocery run,Groceries,Groceries,needs,shopping_bag,#22C55E,Costco,stores,Credit Cards,credit_card,Apple Card,USD,,,,,USD,split-receipt,receipt-202501-23,false
demo-us-000034,2025-01-23,-38.88,38.88,0.00,expense,Costco household items,Shopping,Household Supplies,needs,shopping_cart,#F59E0B,Costco,stores,Credit Cards,credit_card,Apple Card,USD,,,,,USD,split-receipt,receipt-202501-23,false
demo-us-000044,2025-01-24,-39.94,39.94,0.00,expense,Sweetgreen,Dining,Lunch,wants,restaurant,#EF4444,Sweetgreen,cafes,Credit Cards,credit_card,Apple Card,USD,,,,,USD,workday,,false
demo-us-000054,2025-01-24,-115.75,115.75,0.00,expense,Home Depot,Shopping,Home Improvement,wants,shopping_cart,#F59E0B,Home Depot,stores,Credit Cards,credit_card,Apple Card,USD,,,,,USD,apartment-upkeep,,false
demo-us-000021,2025-01-25,62.15,0.00,62.15,income,High-yield savings interest,Income,Interest,,payments,#10B981,Ally Bank,companies,,,,,Bank Accounts,savings,Ally High Yield Savings,USD,USD,passive-income,,true
demo-us-000043,2025-01-25,-45.73,45.73,0.00,expense,Sweetgreen,Dining,Lunch,wants,restaurant,#EF4444,Sweetgreen,cafes,Credit Cards,credit_card,Apple Card,USD,,,,,USD,workday,,false
demo-us-000035,2025-01-26,-135.11,135.11,0.00,expense,Trader Joe's grocery run,Groceries,Groceries,needs,shopping_bag,#22C55E,Trader Joe's,stores,Credit Cards,credit_card,Apple Card,USD,,,,,USD,split-receipt,receipt-202501-26,false
demo-us-000036,2025-01-26,-20.88,20.88,0.00,expense,Trader Joe's household items,Shopping,Household Supplies,needs,shopping_cart,#F59E0B,Trader Joe's,stores,Credit Cards,credit_card,Apple Card,USD,,,,,USD,split-receipt,receipt-202501-26,false
demo-us-000060,2025-01-26,19.31,0.00,19.31,offset_income,Returned purchase credit,Shopping,Household Supplies,needs,shopping_cart,#F59E0B,Target,stores,,,,,Credit Cards,credit_card,Apple Card,USD,USD,return-credit,,false
demo-us-000024,2025-01-27,0.00,954.04,954.04,transfer,Amex payment,,,,,,,,Bank Accounts,account_balance,Chase Checking,USD,Credit Cards,credit_card,Amex Blue Cash,USD,USD,,,true
demo-us-000041,2025-01-29,-8.72,8.72,0.00,expense,Starbucks,Dining,Coffee,wants,restaurant,#EF4444,Starbucks,cafes,Credit Cards,credit_card,Apple Card,USD,,,,,USD,workday,,false
demo-us-000037,2025-01-30,-139.20,139.20,0.00,expense,Kroger grocery run,Groceries,Groceries,needs,shopping_bag,#22C55E,Kroger,stores,Credit Cards,credit_card,Apple Card,USD,,,,,USD,split-receipt,receipt-202501-30,false
demo-us-000038,2025-01-30,-28.98,28.98,0.00,expense,Kroger household items,Shopping,Household Supplies,needs,shopping_cart,#F59E0B,Kroger,stores,Credit Cards,credit_card,Apple Card,USD,,,,,USD,split-receipt,receipt-202501-30,false
demo-us-000053,2025-01-30,-109.58,109.58,0.00,expense,Home Depot,Shopping,Home Improvement,wants,shopping_cart,#F59E0B,Home Depot,stores,Credit Cards,credit_card,Apple Card,USD,,,,,USD,apartment-upkeep,,false
demo-us-000020,2025-01-31,3250.00,0.00,3250.00,income,Payroll direct deposit,Income,Salary,,payments,#10B981,Northstar Software,companies,,,,,Bank Accounts,account_balance,Chase Checking,USD,USD,primary-income,,true
demo-us-000061,2025-02-01,-2150.00,2150.00,0.00,expense,ACH rent payment - Riverside Apartments,Home,Rent,needs,home,#3B82F6,Riverside Apartments,companies,Bank Accounts,account_balance,Chase Checking,USD,,,,,USD,fixed-cost,,true
demo-us-000089,2025-02-01,-51.87,51.87,0.00,expense,Neighborhood Pizza,Dining,Restaurants,wants,restaurant,#EF4444,Neighborhood Pizza,cafes,Credit Cards,credit_card,Apple Card,USD,,,,,USD,family-night,,false
demo-us-000097,2025-02-01,-58.03,58.03,0.00,expense,Gas station,Transportation,Gas,needs,directions_car,#F97316,Costco Gas,stores,Credit Cards,credit_card,Amex Blue Cash,USD,,,,,USD,commute,,false
demo-us-000077,2025-02-02,-94.11,94.11,0.00,expense,Target grocery run,Groceries,Groceries,needs,shopping_bag,#22C55E,Target,stores,Credit Cards,credit_card,Apple Card,USD,,,,,USD,target-run,,false
demo-us-000062,2025-02-03,-185.64,185.64,0.00,expense,Health insurance premium,Health,Health Insurance,needs,local_hospital,#EC4899,Blue Cross Blue Shield,healthcare,Bank Accounts,account_balance,Chase Checking,USD,,,,,USD,fixed-cost,,true
demo-us-000096,2025-02-03,-54.08,54.08,0.00,expense,Gas station,Transportation,Gas,needs,directions_car,#F97316,Chevron,stores,Credit Cards,credit_card,Amex Blue Cash,USD,,,,,USD,commute,,false
demo-us-000063,2025-02-05,-79.99,79.99,0.00,expense,Fiber internet,Home,Internet,needs,home,#3B82F6,Verizon Fios,companies,Bank Accounts,account_balance,Chase Checking,USD,,,,,USD,fixed-cost,,true
demo-us-000064,2025-02-06,-62.50,62.50,0.00,expense,Mobile phone plan,Home,Phone,needs,home,#3B82F6,T-Mobile,companies,Credit Cards,credit_card,Apple Card,USD,,,,,USD,fixed-cost,,true
demo-us-000078,2025-02-06,-106.56,106.56,0.00,expense,Kroger grocery run,Groceries,Groceries,needs,shopping_bag,#22C55E,Kroger,stores,Credit Cards,credit_card,Apple Card,USD,,,,,USD,weekly-errands,,false
demo-us-000074,2025-02-07,0.00,650.00,650.00,transfer,Automatic savings transfer,,,,,,,,Bank Accounts,account_balance,Chase Checking,USD,Bank Accounts,savings,Ally High Yield Savings,USD,USD,,,true
demo-us-000099,2025-02-07,-50.41,50.41,0.00,expense,Gas station,Transportation,Gas,needs,directions_car,#F97316,Exxon,stores,Credit Cards,credit_card,Amex Blue Cash,USD,,,,,USD,commute,,false
demo-us-000108,2025-02-07,-43.43,43.43,0.00,expense,"Movies, events, or streaming",Lifestyle,Events,wants,local_activity,#A855F7,Audible,companies,Credit Cards,credit_card,Apple Card,USD,,,,,USD,subscription,,false
demo-us-000065,2025-02-08,-136.82,136.82,0.00,expense,Electric utility bill,Home,Utilities,needs,home,#3B82F6,Con Edison,companies,Bank Accounts,account_balance,Chase Checking,USD,,,,,USD,fixed-cost,,true
demo-us-000079,2025-02-09,-120.76,120.76,0.00,expense,Whole Foods Market grocery run,Groceries,Groceries,needs,shopping_bag,#22C55E,Whole Foods Market,stores,Bank Accounts,account_balance,Chase Checking,USD,,,,,USD,weekly-errands,,false
demo-us-000106,2025-02-09,-92.26,92.26,0.00,expense,One Medical,Health,Doctor Visit,needs,local_hospital,#EC4899,One Medical,healthcare,Bank Accounts,account_balance,Chase Checking,USD,,,,,USD,hsa-eligible,,false
demo-us-000066,2025-02-10,-148.00,148.00,0.00,expense,Natural gas bill,Home,Utilities,needs,home,#3B82F6,National Grid,companies,Bank Accounts,account_balance,Chase Checking,USD,,,,,USD,fixed-cost;winter-peak,,true
demo-us-000095,2025-02-10,-45.19,45.19,0.00,expense,Chipotle,Dining,Lunch,wants,restaurant,#EF4444,Chipotle,cafes,Credit Cards,credit_card,Apple Card,USD,,,,,USD,workday,,false
demo-us-000102,2025-02-11,-102.94,102.94,0.00,expense,Best Buy,Shopping,Electronics,wants,shopping_cart,#F59E0B,Best Buy,stores,Credit Cards,credit_card,Apple Card,USD,,,,,USD,home-office,,false
demo-us-000067,2025-02-12,-132.40,132.40,0.00,expense,Auto insurance,Transportation,Car Insurance,needs,directions_car,#F97316,GEICO,companies,Bank Accounts,account_balance,Chase Checking,USD,,,,,USD,fixed-cost,,true
demo-us-000080,2025-02-12,-142.87,142.87,0.00,expense,Trader Joe's grocery run,Groceries,Groceries,needs,shopping_bag,#22C55E,Trader Joe's,stores,Credit Cards,credit_card,Apple Card,USD,,,,,USD,weekly-errands,,false
demo-us-000090,2025-02-12,-58.16,58.16,0.00,expense,Local Thai Kitchen,Dining,Restaurants,wants,restaurant,#EF4444,Local Thai Kitchen,cafes,Credit Cards,credit_card,Apple Card,USD,,,,,USD,date-night,,false
demo-us-000091,2025-02-12,-37.60,37.60,0.00,expense,Starbucks,Dining,Coffee,wants,restaurant,#EF4444,Starbucks,cafes,Credit Cards,credit_card,Apple Card,USD,,,,,USD,workday,,false
demo-us-000110,2025-02-13,-519.30,519.30,0.00,expense,Weekend cabin deposit,Travel,Hotels,wants,flight,#06B6D4,Airbnb,companies,Credit Cards,credit_card,Apple Card,USD,,,,,USD,long-weekend,,false
demo-us-000071,2025-02-15,3250.00,0.00,3250.00,income,Payroll direct deposit,Income,Salary,,payments,#10B981,Northstar Software,companies,,,,,Bank Accounts,account_balance,Chase Checking,USD,USD,primary-income,,true
demo-us-000081,2025-02-15,-142.87,142.87,0.00,expense,Trader Joe's grocery run,Groceries,Groceries,needs,shopping_bag,#22C55E,Trader Joe's,stores,Credit Cards,credit_card,Apple Card,USD,,,,,USD,split-receipt,receipt-202502-15,false
demo-us-000082,2025-02-15,-13.61,13.61,0.00,expense,Trader Joe's household items,Shopping,Household Supplies,needs,shopping_cart,#F59E0B,Trader Joe's,stores,Credit Cards,credit_card,Apple Card,USD,,,,,USD,split-receipt,receipt-202502-15,false
demo-us-000068,2025-02-16,-425.00,425.00,425.00,expense,Auto loan payment,Transportation,Auto Loan,needs,directions_car,#F97316,Capital One Auto Finance,companies,Bank Accounts,account_balance,Chase Checking,USD,Loans,directions_car,Capital One Auto Loan,USD,USD,fixed-cost,,true
demo-us-000098,2025-02-16,-70.82,70.82,0.00,expense,Gas station,Transportation,Gas,needs,directions_car,#F97316,Exxon,stores,Credit Cards,credit_card,Amex Blue Cash,USD,,,,,USD,commute,,false
demo-us-000105,2025-02-16,-67.85,67.85,0.00,expense,Delta Dental,Health,Dental,needs,local_hospital,#EC4899,Delta Dental,healthcare,Bank Accounts,account_balance,Chase Checking,USD,,,,,USD,hsa-eligible,,false
demo-us-000104,2025-02-17,-90.25,90.25,0.00,expense,Best Buy,Shopping,Electronics,wants,shopping_cart,#F59E0B,Best Buy,stores,Credit Cards,credit_card,Apple Card,USD,,,,,USD,home-office,,false
demo-us-000069,2025-02-18,-600.00,600.00,600.00,expense,Roth IRA contribution,Savings & Investing,Retirement,savings,savings,#0EA5E9,Vanguard,investments,Bank Accounts,account_balance,Chase Checking,USD,Investments,account_balance,Vanguard Roth IRA,USD,USD,long-term-goals,,true
demo-us-000083,2025-02-19,-59.46,59.46,0.00,expense,Kroger grocery run,Groceries,Groceries,needs,shopping_bag,#22C55E,Kroger,stores,Credit Cards,credit_card,Apple Card,USD,,,,,USD,split-receipt,receipt-202502-19,false
demo-us-000084,2025-02-19,-39.16,39.16,0.00,expense,Kroger household items,Shopping,Household Supplies,needs,shopping_cart,#F59E0B,Kroger,stores,Credit Cards,credit_card,Apple Card,USD,,,,,USD,split-receipt,receipt-202502-19,false
demo-us-000103,2025-02-19,-117.67,117.67,0.00,expense,Best Buy,Shopping,Electronics,wants,shopping_cart,#F59E0B,Best Buy,stores,Credit Cards,credit_card,Apple Card,USD,,,,,USD,home-office,,false
demo-us-000070,2025-02-20,-250.00,250.00,250.00,expense,Brokerage contribution,Savings & Investing,Investments,savings,savings,#0EA5E9,Fidelity,investments,Bank Accounts,account_balance,Chase Checking,USD,Investments,trending_up,Fidelity Brokerage,USD,USD,long-term-goals,,true
demo-us-000093,2025-02-20,-74.39,74.39,0.00,expense,Local Thai Kitchen,Dining,Restaurants,wants,restaurant,#EF4444,Local Thai Kitchen,cafes,Credit Cards,credit_card,Apple Card,USD,,,,,USD,date-night,,false
demo-us-000100,2025-02-20,-35.01,35.01,0.00,expense,Gas station,Transportation,Gas,needs,directions_car,#F97316,Chevron,stores,Bank Accounts,account_balance,Chase Checking,USD,,,,,USD,commute,,false
demo-us-000094,2025-02-22,-17.11,17.11,0.00,expense,Neighborhood Pizza,Dining,Restaurants,wants,restaurant,#EF4444,Neighborhood Pizza,cafes,Credit Cards,credit_card,Apple Card,USD,,,,,USD,family-night,,false
demo-us-000107,2025-02-22,-161.62,161.62,0.00,expense,Kids activities and supplies,Family,Kids Activities,wants,family_restroom,#8B5CF6,YMCA,companies,Credit Cards,credit_card,Apple Card,USD,,,,,USD,after-school,,false
demo-us-000109,2025-02-22,-166.37,166.37,0.00,expense,Charitable donation,Giving,Donations,wants,volunteer_activism,#14B8A6,Feeding America,charity,Bank Accounts,account_balance,Chase Checking,USD,,,,,USD,community,,false
demo-us-000075,2025-02-23,0.00,1441.40,1441.40,transfer,Credit card payment,,,,,,,,Bank Accounts,account_balance,Chase Checking,USD,Credit Cards,credit_card,Apple Card,USD,USD,,,true
demo-us-000085,2025-02-23,-67.01,67.01,0.00,expense,Kroger grocery run,Groceries,Groceries,needs,shopping_bag,#22C55E,Kroger,stores,Bank Accounts,account_balance,Chase Checking,USD,,,,,USD,weekly-errands,,false
demo-us-000073,2025-02-25,66.01,0.00,66.01,income,High-yield savings interest,Income,Interest,,payments,#10B981,Ally Bank,companies,,,,,Bank Accounts,savings,Ally High Yield Savings,USD,USD,passive-income,,true
demo-us-000086,2025-02-26,-97.50,97.50,0.00,expense,Trader Joe's grocery run,Groceries,Groceries,needs,shopping_bag,#22C55E,Trader Joe's,stores,Bank Accounts,account_balance,Chase Checking,USD,,,,,USD,split-receipt,receipt-202502-26,false
demo-us-000087,2025-02-26,-17.87,17.87,0.00,expense,Trader Joe's household items,Shopping,Household Supplies,needs,shopping_cart,#F59E0B,Trader Joe's,stores,Credit Cards,credit_card,Apple Card,USD,,,,,USD,split-receipt,receipt-202502-26,false
demo-us-000088,2025-02-26,-40.09,40.09,0.00,expense,Sweetgreen,Dining,Lunch,wants,restaurant,#EF4444,Sweetgreen,cafes,Credit Cards,credit_card,Apple Card,USD,,,,,USD,workday,,false
demo-us-000101,2025-02-26,-34.46,34.46,0.00,expense,Home Depot,Shopping,Home Improvement,wants,shopping_cart,#F59E0B,Home Depot,stores,Bank Accounts,account_balance,Chase Checking,USD,,,,,USD,apartment-upkeep,,false
demo-us-000076,2025-02-27,0.00,746.90,746.90,transfer,Amex payment,,,,,,,,Bank Accounts,account_balance,Chase Checking,USD,Credit Cards,credit_card,Amex Blue Cash,USD,USD,,,true
demo-us-000072,2025-02-28,3250.00,0.00,3250.00,income,Payroll direct deposit,Income,Salary,,payments,#10B981,Northstar Software,companies,,,,,Bank Accounts,account_balance,Chase Checking,USD,USD,primary-income,,true
demo-us-000092,2025-02-28,-57.29,57.29,0.00,expense,Local Thai Kitchen,Dining,Restaurants,wants,restaurant,#EF4444,Local Thai Kitchen,cafes,Credit Cards,credit_card,Apple Card,USD,,,,,USD,date-night,,false
demo-us-000111,2025-03-01,-2150.00,2150.00,0.00,expense,ACH rent payment - Riverside Apartments,Home,Rent,needs,home,#3B82F6,Riverside Apartments,companies,Bank Accounts,account_balance,Chase Checking,USD,,,,,USD,fixed-cost,,true
demo-us-000129,2025-03-02,-102.88,102.88,0.00,expense,Target grocery run,Groceries,Groceries,needs,shopping_bag,#22C55E,Target,stores,Credit Cards,credit_card,Apple Card,USD,,,,,USD,target-run,,false
demo-us-000112,2025-03-03,-185.64,185.64,0.00,expense,Health insurance premium,Health,Health Insurance,needs,local_hospital,#EC4899,Blue Cross Blue Shield,healthcare,Bank Accounts,account_balance,Chase Checking,USD,,,,,USD,fixed-cost,,true
demo-us-000160,2025-03-03,-46.71,46.71,0.00,expense,Delta Dental,Health,Dental,needs,local_hospital,#EC4899,Delta Dental,healthcare,Bank Accounts,account_balance,Chase Checking,USD,,,,,USD,hsa-eligible,,false
demo-us-000113,2025-03-05,-79.99,79.99,0.00,expense,Fiber internet,Home,Internet,needs,home,#3B82F6,Verizon Fios,companies,Bank Accounts,account_balance,Chase Checking,USD,,,,,USD,fixed-cost,,true
demo-us-000130,2025-03-05,-100.91,100.91,0.00,expense,Whole Foods Market grocery run,Groceries,Groceries,needs,shopping_bag,#22C55E,Whole Foods Market,stores,Bank Accounts,account_balance,Chase Checking,USD,,,,,USD,split-receipt,receipt-202503-5,false
demo-us-000131,2025-03-05,-23.19,23.19,0.00,expense,Whole Foods Market household items,Shopping,Household Supplies,needs,shopping_cart,#F59E0B,Whole Foods Market,stores,Credit Cards,credit_card,Apple Card,USD,,,,,USD,split-receipt,receipt-202503-5,false
demo-us-000114,2025-03-06,-62.50,62.50,0.00,expense,Mobile phone plan,Home,Phone,needs,home,#3B82F6,T-Mobile,companies,Credit Cards,credit_card,Apple Card,USD,,,,,USD,fixed-cost,,true
demo-us-000144,2025-03-06,-12.24,12.24,0.00,expense,Starbucks,Dining,Coffee,wants,restaurant,#EF4444,Starbucks,cafes,Credit Cards,credit_card,Apple Card,USD,,,,,USD,workday,,false
demo-us-000124,2025-03-07,0.00,650.00,650.00,transfer,Automatic savings transfer,,,,,,,,Bank Accounts,account_balance,Chase Checking,USD,Bank Accounts,savings,Ally High Yield Savings,USD,USD,,,true
demo-us-000151,2025-03-07,-46.52,46.52,0.00,expense,Gas station,Transportation,Gas,needs,directions_car,#F97316,Exxon,stores,Credit Cards,credit_card,Amex Blue Cash,USD,,,,,USD,commute,,false
demo-us-000115,2025-03-08,-90.45,90.45,0.00,expense,Electric utility bill,Home,Utilities,needs,home,#3B82F6,Con Edison,companies,Bank Accounts,account_balance,Chase Checking,USD,,,,,USD,fixed-cost,,true
demo-us-000132,2025-03-09,-81.70,81.70,0.00,expense,Kroger grocery run,Groceries,Groceries,needs,shopping_bag,#22C55E,Kroger,stores,Bank Accounts,account_balance,Chase Checking,USD,,,,,USD,weekly-errands,,false
demo-us-000156,2025-03-09,-262.38,262.38,0.00,expense,Best Buy,Shopping,Electronics,wants,shopping_cart,#F59E0B,Best Buy,stores,Credit Cards,credit_card,Apple Card,USD,,,,,USD,home-office,,false
demo-us-000158,2025-03-09,-116.44,116.44,0.00,expense,Amazon,Shopping,Household Supplies,needs,shopping_cart,#F59E0B,Amazon,online_stores,Bank Accounts,account_balance,Chase Checking,USD,,,,,USD,online-order,,false
demo-us-000116,2025-03-10,-124.43,124.43,0.00,expense,Natural gas bill,Home,Utilities,needs,home,#3B82F6,National Grid,companies,Bank Accounts,account_balance,Chase Checking,USD,,,,,USD,fixed-cost;winter-peak,,true
demo-us-000143,2025-03-10,-68.03,68.03,0.00,expense,Local Thai Kitchen,Dining,Restaurants,wants,restaurant,#EF4444,Local Thai Kitchen,cafes,Credit Cards,credit_card,Apple Card,USD,,,,,USD,date-night,,false
demo-us-000148,2025-03-11,-37.33,37.33,0.00,expense,DoorDash,Dining,Delivery,wants,restaurant,#EF4444,DoorDash,online_stores,Credit Cards,credit_card,Apple Card,USD,,,,,USD,convenience,,false
demo-us-000150,2025-03-11,-57.95,57.95,0.00,expense,Gas station,Transportation,Gas,needs,directions_car,#F97316,Shell,stores,Credit Cards,credit_card,Amex Blue Cash,USD,,,,,USD,commute,,false
demo-us-000153,2025-03-11,-40.77,40.77,0.00,expense,Gas station,Transportation,Gas,needs,directions_car,#F97316,Exxon,stores,Credit Cards,credit_card,Amex Blue Cash,USD,,,,,USD,commute,,false
demo-us-000155,2025-03-11,-230.36,230.36,0.00,expense,Best Buy,Shopping,Electronics,wants,shopping_cart,#F59E0B,Best Buy,stores,Credit Cards,credit_card,Apple Card,USD,,,,,USD,home-office,,false
demo-us-000117,2025-03-12,-132.40,132.40,0.00,expense,Auto insurance,Transportation,Car Insurance,needs,directions_car,#F97316,GEICO,companies,Bank Accounts,account_balance,Chase Checking,USD,,,,,USD,fixed-cost,,true
demo-us-000145,2025-03-12,-40.62,40.62,0.00,expense,Sweetgreen,Dining,Lunch,wants,restaurant,#EF4444,Sweetgreen,cafes,Credit Cards,credit_card,Apple Card,USD,,,,,USD,workday,,false
demo-us-000133,2025-03-13,-69.75,69.75,0.00,expense,Costco grocery run,Groceries,Groceries,needs,shopping_bag,#22C55E,Costco,stores,Bank Accounts,account_balance,Chase Checking,USD,,,,,USD,bulk-stockup,,false
demo-us-000121,2025-03-15,3250.00,0.00,3250.00,income,Payroll direct deposit,Income,Salary,,payments,#10B981,Northstar Software,companies,,,,,Bank Accounts,account_balance,Chase Checking,USD,USD,primary-income,,true
demo-us-000118,2025-03-16,-425.00,425.00,425.00,expense,Auto loan payment,Transportation,Auto Loan,needs,directions_car,#F97316,Capital One Auto Finance,companies,Bank Accounts,account_balance,Chase Checking,USD,Loans,directions_car,Capital One Auto Loan,USD,USD,fixed-cost,,true
demo-us-000134,2025-03-16,-128.37,128.37,0.00,expense,Whole Foods Market grocery run,Groceries,Groceries,needs,shopping_bag,#22C55E,Whole Foods Market,stores,Credit Cards,credit_card,Apple Card,USD,,,,,USD,weekly-errands,,false
demo-us-000157,2025-03-17,-25.90,25.90,0.00,expense,Target,Shopping,Household Supplies,needs,shopping_cart,#F59E0B,Target,stores,Credit Cards,credit_card,Apple Card,USD,,,,,USD,weekly-errands,,false
demo-us-000119,2025-03-18,-600.00,600.00,600.00,expense,Roth IRA contribution,Savings & Investing,Retirement,savings,savings,#0EA5E9,Vanguard,investments,Bank Accounts,account_balance,Chase Checking,USD,Investments,account_balance,Vanguard Roth IRA,USD,USD,long-term-goals,,true
demo-us-000127,2025-03-18,1139.08,0.00,1139.08,income,Freelance analytics project,Income,Freelance,,payments,#10B981,Cedar Studio,companies,,,,,Bank Accounts,account_balance,Chase Checking,USD,USD,client-work,,false
demo-us-000159,2025-03-18,-118.18,118.18,0.00,expense,Delta Dental,Health,Dental,needs,local_hospital,#EC4899,Delta Dental,healthcare,Bank Accounts,account_balance,Chase Checking,USD,,,,,USD,hsa-eligible,,false
demo-us-000161,2025-03-18,-74.09,74.09,0.00,expense,Kids activities and supplies,Family,Kids Activities,wants,family_restroom,#8B5CF6,YMCA,companies,Credit Cards,credit_card,Apple Card,USD,,,,,USD,after-school,,false
demo-us-000135,2025-03-19,-81.66,81.66,0.00,expense,Whole Foods Market grocery run,Groceries,Groceries,needs,shopping_bag,#22C55E,Whole Foods Market,stores,Credit Cards,credit_card,Apple Card,USD,,,,,USD,split-receipt,receipt-202503-19,false
demo-us-000136,2025-03-19,-33.47,33.47,0.00,expense,Whole Foods Market household items,Shopping,Household Supplies,needs,shopping_cart,#F59E0B,Whole Foods Market,stores,Credit Cards,credit_card,Apple Card,USD,,,,,USD,split-receipt,receipt-202503-19,false
demo-us-000149,2025-03-19,-43.51,43.51,0.00,expense,Neighborhood Pizza,Dining,Restaurants,wants,restaurant,#EF4444,Neighborhood Pizza,cafes,Credit Cards,credit_card,Apple Card,USD,,,,,USD,family-night,,false
demo-us-000120,2025-03-20,-250.00,250.00,250.00,expense,Brokerage contribution,Savings & Investing,Investments,savings,savings,#0EA5E9,Fidelity,investments,Bank Accounts,account_balance,Chase Checking,USD,Investments,trending_up,Fidelity Brokerage,USD,USD,long-term-goals,,true
demo-us-000128,2025-03-21,159.65,0.00,159.65,income,Dividend reinvestment,Income,Dividends,,payments,#10B981,Fidelity,investments,,,,,Investments,trending_up,Fidelity Brokerage,USD,USD,passive-income,,false
demo-us-000152,2025-03-21,-49.79,49.79,0.00,expense,Gas station,Transportation,Gas,needs,directions_car,#F97316,Shell,stores,Bank Accounts,account_balance,Chase Checking,USD,,,,,USD,commute,,false
demo-us-000125,2025-03-23,0.00,2321.19,2321.19,transfer,Credit card payment,,,,,,,,Bank Accounts,account_balance,Chase Checking,USD,Credit Cards,credit_card,Apple Card,USD,USD,,,true
demo-us-000137,2025-03-23,-70.12,70.12,0.00,expense,Kroger grocery run,Groceries,Groceries,needs,shopping_bag,#22C55E,Kroger,stores,Credit Cards,credit_card,Apple Card,USD,,,,,USD,split-receipt,receipt-202503-23,false
demo-us-000138,2025-03-23,-31.58,31.58,0.00,expense,Kroger household items,Shopping,Household Supplies,needs,shopping_cart,#F59E0B,Kroger,stores,Credit Cards,credit_card,Apple Card,USD,,,,,USD,split-receipt,receipt-202503-23,false
demo-us-000154,2025-03-24,-60.49,60.49,0.00,expense,Gas station,Transportation,Gas,needs,directions_car,#F97316,Costco Gas,stores,Credit Cards,credit_card,Amex Blue Cash,USD,,,,,USD,commute,,false
demo-us-000123,2025-03-25,36.44,0.00,36.44,income,High-yield savings interest,Income,Interest,,payments,#10B981,Ally Bank,companies,,,,,Bank Accounts,savings,Ally High Yield Savings,USD,USD,passive-income,,true
demo-us-000164,2025-03-25,77.44,0.00,77.44,offset_income,Returned purchase credit,Shopping,Household Supplies,needs,shopping_cart,#F59E0B,Target,stores,,,,,Credit Cards,credit_card,Apple Card,USD,USD,return-credit,,false
demo-us-000139,2025-03-26,-195.68,195.68,0.00,expense,Costco grocery run,Groceries,Groceries,needs,shopping_bag,#22C55E,Costco,stores,Credit Cards,credit_card,Apple Card,USD,,,,,USD,split-receipt,receipt-202503-26,false
demo-us-000140,2025-03-26,-27.39,27.39,0.00,expense,Costco household items,Shopping,Household Supplies,needs,shopping_cart,#F59E0B,Costco,stores,Credit Cards,credit_card,Apple Card,USD,,,,,USD,split-receipt,receipt-202503-26,false
demo-us-000142,2025-03-26,-40.41,40.41,0.00,expense,Local Thai Kitchen,Dining,Restaurants,wants,restaurant,#EF4444,Local Thai Kitchen,cafes,Credit Cards,credit_card,Apple Card,USD,,,,,USD,date-night,,false
demo-us-000146,2025-03-26,-45.34,45.34,0.00,expense,Starbucks,Dining,Coffee,wants,restaurant,#EF4444,Starbucks,cafes,Credit Cards,credit_card,Apple Card,USD,,,,,USD,workday,,false
demo-us-000162,2025-03-26,-30.37,30.37,0.00,expense,"Movies, events, or streaming",Lifestyle,Movies,wants,local_activity,#A855F7,Ticketmaster,companies,Credit Cards,credit_card,Apple Card,USD,,,,,USD,event-night,,false
demo-us-000163,2025-03-26,-144.22,144.22,0.00,expense,Charitable donation,Giving,Donations,wants,volunteer_activism,#14B8A6,Feeding America,charity,Bank Accounts,account_balance,Chase Checking,USD,,,,,USD,community,,false
demo-us-000126,2025-03-27,0.00,1103.48,1103.48,transfer,Amex payment,,,,,,,,Bank Accounts,account_balance,Chase Checking,USD,Credit Cards,credit_card,Amex Blue Cash,USD,USD,,,true
demo-us-000141,2025-03-29,-148.78,148.78,0.00,expense,Trader Joe's grocery run,Groceries,Groceries,needs,shopping_bag,#22C55E,Trader Joe's,stores,Credit Cards,credit_card,Apple Card,USD,,,,,USD,weekly-errands,,false
demo-us-000122,2025-03-31,3250.00,0.00,3250.00,income,Payroll direct deposit,Income,Salary,,payments,#10B981,Northstar Software,companies,,,,,Bank Accounts,account_balance,Chase Checking,USD,USD,primary-income,,true
demo-us-000147,2025-03-31,-40.99,40.99,0.00,expense,Neighborhood Pizza,Dining,Restaurants,wants,restaurant,#EF4444,Neighborhood Pizza,cafes,Credit Cards,credit_card,Apple Card,USD,,,,,USD,family-night,,false
demo-us-000165,2025-04-01,-2150.00,2150.00,0.00,expense,ACH rent payment - Riverside Apartments,Home,Rent,needs,home,#3B82F6,Riverside Apartments,companies,Bank Accounts,account_balance,Chase Checking,USD,,,,,USD,fixed-cost,,true
demo-us-000197,2025-04-01,-78.34,78.34,0.00,expense,Neighborhood Pizza,Dining,Restaurants,wants,restaurant,#EF4444,Neighborhood Pizza,cafes,Credit Cards,credit_card,Apple Card,USD,,,,,USD,family-night,,false
demo-us-000205,2025-04-01,-44.41,44.41,0.00,expense,Gas station,Transportation,Gas,needs,directions_car,#F97316,Chevron,stores,Credit Cards,credit_card,Amex Blue Cash,USD,,,,,USD,commute,,false
demo-us-000182,2025-04-02,-77.85,77.85,0.00,expense,Costco grocery run,Groceries,Groceries,needs,shopping_bag,#22C55E,Costco,stores,Credit Cards,credit_card,Apple Card,USD,,,,,USD,split-receipt,receipt-202504-2,false
demo-us-000183,2025-04-02,-34.15,34.15,0.00,expense,Costco household items,Shopping,Household Supplies,needs,shopping_cart,#F59E0B,Costco,stores,Credit Cards,credit_card,Apple Card,USD,,,,,USD,split-receipt,receipt-202504-2,false
demo-us-000166,2025-04-03,-185.64,185.64,0.00,expense,Health insurance premium,Health,Health Insurance,needs,local_hospital,#EC4899,Blue Cross Blue Shield,healthcare,Bank Accounts,account_balance,Chase Checking,USD,,,,,USD,fixed-cost,,true
demo-us-000203,2025-04-03,-60.84,60.84,0.00,expense,Gas station,Transportation,Gas,needs,directions_car,#F97316,Exxon,stores,Credit Cards,credit_card,Amex Blue Cash,USD,,,,,USD,commute,,false
demo-us-000209,2025-04-03,-131.32,131.32,0.00,expense,Home Depot,Shopping,Home Improvement,wants,shopping_cart,#F59E0B,Home Depot,stores,Credit Cards,credit_card,Apple Card,USD,,,,,USD,apartment-upkeep,,false
demo-us-000167,2025-04-05,-79.99,79.99,0.00,expense,Fiber internet,Home,Internet,needs,home,#3B82F6,Verizon Fios,companies,Bank Accounts,account_balance,Chase Checking,USD,,,,,USD,fixed-cost,,true
demo-us-000168,2025-04-06,-62.50,62.50,0.00,expense,Mobile phone plan,Home,Phone,needs,home,#3B82F6,T-Mobile,companies,Credit Cards,credit_card,Apple Card,USD,,,,,USD,fixed-cost,,true
demo-us-000184,2025-04-06,-69.01,69.01,0.00,expense,Trader Joe's grocery run,Groceries,Groceries,needs,shopping_bag,#22C55E,Trader Joe's,stores,Credit Cards,credit_card,Apple Card,USD,,,,,USD,split-receipt,receipt-202504-6,false
demo-us-000185,2025-04-06,-32.23,32.23,0.00,expense,Trader Joe's household items,Shopping,Household Supplies,needs,shopping_cart,#F59E0B,Trader Joe's,stores,Credit Cards,credit_card,Apple Card,USD,,,,,USD,split-receipt,receipt-202504-6,false
demo-us-000195,2025-04-06,-38.06,38.06,0.00,expense,DoorDash,Dining,Delivery,wants,restaurant,#EF4444,DoorDash,online_stores,Credit Cards,credit_card,Apple Card,USD,,,,,USD,convenience,,false
demo-us-000178,2025-04-07,0.00,650.00,650.00,transfer,Automatic savings transfer,,,,,,,,Bank Accounts,account_balance,Chase Checking,USD,Bank Accounts,savings,Ally High Yield Savings,USD,USD,,,true
demo-us-000169,2025-04-08,-117.06,117.06,0.00,expense,Electric utility bill,Home,Utilities,needs,home,#3B82F6,Con Edison,companies,Bank Accounts,account_balance,Chase Checking,USD,,,,,USD,fixed-cost,,true
demo-us-000170,2025-04-10,-41.56,41.56,0.00,expense,Natural gas bill,Home,Utilities,needs,home,#3B82F6,National Grid,companies,Bank Accounts,account_balance,Chase Checking,USD,,,,,USD,fixed-cost,,true
demo-us-000186,2025-04-10,-232.94,232.94,0.00,expense,Costco grocery run,Groceries,Groceries,needs,shopping_bag,#22C55E,Costco,stores,Credit Cards,credit_card,Apple Card,USD,,,,,USD,bulk-stockup,,false
demo-us-000210,2025-04-10,-122.30,122.30,0.00,expense,Target,Shopping,Household Supplies,needs,shopping_cart,#F59E0B,Target,stores,Bank Accounts,account_balance,Chase Checking,USD,,,,,USD,weekly-errands,,false
demo-us-000214,2025-04-11,-28.06,28.06,0.00,expense,"Movies, events, or streaming",Lifestyle,Movies,wants,local_activity,#A855F7,Ticketmaster,companies,Credit Cards,credit_card,Apple Card,USD,,,,,USD,event-night,,false
demo-us-000171,2025-04-12,-132.40,132.40,0.00,expense,Auto insurance,Transportation,Car Insurance,needs,directions_car,#F97316,GEICO,companies,Bank Accounts,account_balance,Chase Checking,USD,,,,,USD,fixed-cost,,true
demo-us-000181,2025-04-12,1480.00,0.00,1480.00,income,Federal tax refund,Income,Tax Refund,,payments,#10B981,IRS,other,,,,,Bank Accounts,account_balance,Chase Checking,USD,USD,tax-season,,false
demo-us-000201,2025-04-13,-71.86,71.86,0.00,expense,Neighborhood Pizza,Dining,Restaurants,wants,restaurant,#EF4444,Neighborhood Pizza,cafes,Credit Cards,credit_card,Apple Card,USD,,,,,USD,family-night,,false
demo-us-000187,2025-04-14,-61.22,61.22,0.00,expense,Target grocery run,Groceries,Groceries,needs,shopping_bag,#22C55E,Target,stores,Credit Cards,credit_card,Apple Card,USD,,,,,USD,target-run,,false
demo-us-000175,2025-04-15,3250.00,0.00,3250.00,income,Payroll direct deposit,Income,Salary,,payments,#10B981,Northstar Software,companies,,,,,Bank Accounts,account_balance,Chase Checking,USD,USD,primary-income,,true
demo-us-000172,2025-04-16,-425.00,425.00,425.00,expense,Auto loan payment,Transportation,Auto Loan,needs,directions_car,#F97316,Capital One Auto Finance,companies,Bank Accounts,account_balance,Chase Checking,USD,Loans,directions_car,Capital One Auto Loan,USD,USD,fixed-cost,,true
demo-us-000206,2025-04-16,-49.60,49.60,0.00,expense,Gas station,Transportation,Gas,needs,directions_car,#F97316,Exxon,stores,Credit Cards,credit_card,Amex Blue Cash,USD,,,,,USD,commute,,false
demo-us-000188,2025-04-17,-72.95,72.95,0.00,expense,Kroger grocery run,Groceries,Groceries,needs,shopping_bag,#22C55E,Kroger,stores,Credit Cards,credit_card,Apple Card,USD,,,,,USD,weekly-errands,,false
demo-us-000199,2025-04-17,-23.91,23.91,0.00,expense,Starbucks,Dining,Coffee,wants,restaurant,#EF4444,Starbucks,cafes,Credit Cards,credit_card,Apple Card,USD,,,,,USD,workday,,false
demo-us-000202,2025-04-17,-39.81,39.81,0.00,expense,Gas station,Transportation,Gas,needs,directions_car,#F97316,Costco Gas,stores,Credit Cards,credit_card,Amex Blue Cash,USD,,,,,USD,commute,,false
demo-us-000173,2025-04-18,-600.00,600.00,600.00,expense,Roth IRA contribution,Savings & Investing,Retirement,savings,savings,#0EA5E9,Vanguard,investments,Bank Accounts,account_balance,Chase Checking,USD,Investments,account_balance,Vanguard Roth IRA,USD,USD,long-term-goals,,true
demo-us-000213,2025-04-19,-141.55,141.55,0.00,expense,Kids activities and supplies,Family,Kids Activities,wants,family_restroom,#8B5CF6,City Parks,companies,Credit Cards,credit_card,Apple Card,USD,,,,,USD,after-school,,false
demo-us-000174,2025-04-20,-250.00,250.00,250.00,expense,Brokerage contribution,Savings & Investing,Investments,savings,savings,#0EA5E9,Fidelity,investments,Bank Accounts,account_balance,Chase Checking,USD,Investments,trending_up,Fidelity Brokerage,USD,USD,long-term-goals,,true
demo-us-000189,2025-04-20,-114.14,114.14,0.00,expense,Whole Foods Market grocery run,Groceries,Groceries,needs,shopping_bag,#22C55E,Whole Foods Market,stores,Credit Cards,credit_card,Apple Card,USD,,,,,USD,weekly-errands,,false
demo-us-000196,2025-04-21,-20.53,20.53,0.00,expense,Starbucks,Dining,Coffee,wants,restaurant,#EF4444,Starbucks,cafes,Credit Cards,credit_card,Apple Card,USD,,,,,USD,workday,,false
demo-us-000179,2025-04-23,0.00,2186.14,2186.14,transfer,Credit card payment,,,,,,,,Bank Accounts,account_balance,Chase Checking,USD,Credit Cards,credit_card,Apple Card,USD,USD,,,true
demo-us-000190,2025-04-23,-122.25,122.25,0.00,expense,Costco grocery run,Groceries,Groceries,needs,shopping_bag,#22C55E,Costco,stores,Credit Cards,credit_card,Apple Card,USD,,,,,USD,split-receipt,receipt-202504-23,false
demo-us-000191,2025-04-23,-34.29,34.29,0.00,expense,Costco household items,Shopping,Household Supplies,needs,shopping_cart,#F59E0B,Costco,stores,Credit Cards,credit_card,Apple Card,USD,,,,,USD,split-receipt,receipt-202504-23,false
demo-us-000208,2025-04-23,-80.58,80.58,0.00,expense,Home Depot,Shopping,Home Improvement,wants,shopping_cart,#F59E0B,Home Depot,stores,Credit Cards,credit_card,Apple Card,USD,,,,,USD,apartment-upkeep,,false
demo-us-000177,2025-04-25,72.80,0.00,72.80,income,High-yield savings interest,Income,Interest,,payments,#10B981,Ally Bank,companies,,,,,Bank Accounts,savings,Ally High Yield Savings,USD,USD,passive-income,,true
demo-us-000192,2025-04-26,-112.67,112.67,0.00,expense,Trader Joe's grocery run,Groceries,Groceries,needs,shopping_bag,#22C55E,Trader Joe's,stores,Bank Accounts,account_balance,Chase Checking,USD,,,,,USD,weekly-errands,,false
demo-us-000207,2025-04-26,-50.18,50.18,0.00,expense,Home Depot,Shopping,Home Improvement,wants,shopping_cart,#F59E0B,Home Depot,stores,Credit Cards,credit_card,Apple Card,USD,,,,,USD,apartment-upkeep,,false
demo-us-000180,2025-04-27,0.00,1075.17,1075.17,transfer,Amex payment,,,,,,,,Bank Accounts,account_balance,Chase Checking,USD,Credit Cards,credit_card,Amex Blue Cash,USD,USD,,,true
demo-us-000211,2025-04-27,-92.02,92.02,0.00,expense,One Medical,Health,Doctor Visit,needs,local_hospital,#EC4899,One Medical,healthcare,Bank Accounts,account_balance,Chase Checking,USD,,,,,USD,hsa-eligible,,false
demo-us-000215,2025-04-27,60.13,0.00,60.13,offset_income,Returned purchase credit,Shopping,Household Supplies,needs,shopping_cart,#F59E0B,Target,stores,,,,,Credit Cards,credit_card,Apple Card,USD,USD,return-credit,,false
demo-us-000198,2025-04-28,-35.98,35.98,0.00,expense,Starbucks,Dining,Coffee,wants,restaurant,#EF4444,Starbucks,cafes,Credit Cards,credit_card,Apple Card,USD,,,,,USD,workday,,false
demo-us-000194,2025-04-29,-31.63,31.63,0.00,expense,Sweetgreen,Dining,Lunch,wants,restaurant,#EF4444,Sweetgreen,cafes,Credit Cards,credit_card,Apple Card,USD,,,,,USD,workday,,false
demo-us-000176,2025-04-30,3250.00,0.00,3250.00,income,Payroll direct deposit,Income,Salary,,payments,#10B981,Northstar Software,companies,,,,,Bank Accounts,account_balance,Chase Checking,USD,USD,primary-income,,true
demo-us-000193,2025-04-30,-89.81,89.81,0.00,expense,Whole Foods Market grocery run,Groceries,Groceries,needs,shopping_bag,#22C55E,Whole Foods Market,stores,Credit Cards,credit_card,Apple Card,USD,,,,,USD,weekly-errands,,false
demo-us-000200,2025-04-30,-35.10,35.10,0.00,expense,Neighborhood Pizza,Dining,Restaurants,wants,restaurant,#EF4444,Neighborhood Pizza,cafes,Credit Cards,credit_card,Apple Card,USD,,,,,USD,family-night,,false
demo-us-000204,2025-04-30,-66.65,66.65,0.00,expense,Gas station,Transportation,Gas,needs,directions_car,#F97316,Shell,stores,Credit Cards,credit_card,Amex Blue Cash,USD,,,,,USD,commute,,false
demo-us-000212,2025-04-30,-80.72,80.72,0.00,expense,CVS Pharmacy,Health,Medication,needs,local_hospital,#EC4899,CVS Pharmacy,healthcare,Bank Accounts,account_balance,Chase Checking,USD,,,,,USD,hsa-eligible,,false
demo-us-000216,2025-05-01,-2150.00,2150.00,0.00,expense,ACH rent payment - Riverside Apartments,Home,Rent,needs,home,#3B82F6,Riverside Apartments,companies,Bank Accounts,account_balance,Chase Checking,USD,,,,,USD,fixed-cost,,true
demo-us-000261,2025-05-01,-40.72,40.72,0.00,expense,Walgreens,Health,Medication,needs,local_hospital,#EC4899,Walgreens,healthcare,Bank Accounts,account_balance,Chase Checking,USD,,,,,USD,hsa-eligible,,false
demo-us-000232,2025-05-02,-164.63,164.63,0.00,expense,Costco grocery run,Groceries,Groceries,needs,shopping_bag,#22C55E,Costco,stores,Credit Cards,credit_card,Apple Card,USD,,,,,USD,bulk-stockup,,false
demo-us-000257,2025-05-02,-50.06,50.06,0.00,expense,Best Buy,Shopping,Electronics,wants,shopping_cart,#F59E0B,Best Buy,stores,Bank Accounts,account_balance,Chase Checking,USD,,,,,USD,home-office,,false
demo-us-000217,2025-05-03,-185.64,185.64,0.00,expense,Health insurance premium,Health,Health Insurance,needs,local_hospital,#EC4899,Blue Cross Blue Shield,healthcare,Bank Accounts,account_balance,Chase Checking,USD,,,,,USD,fixed-cost,,true
demo-us-000252,2025-05-03,-71.47,71.47,0.00,expense,Gas station,Transportation,Gas,needs,directions_car,#F97316,Chevron,stores,Credit Cards,credit_card,Amex Blue Cash,USD,,,,,USD,commute,,false
demo-us-000244,2025-05-04,-26.11,26.11,0.00,expense,Chipotle,Dining,Lunch,wants,restaurant,#EF4444,Chipotle,cafes,Credit Cards,credit_card,Apple Card,USD,,,,,USD,workday,,false
demo-us-000218,2025-05-05,-79.99,79.99,0.00,expense,Fiber internet,Home,Internet,needs,home,#3B82F6,Verizon Fios,companies,Bank Accounts,account_balance,Chase Checking,USD,,,,,USD,fixed-cost,,true
demo-us-000233,2025-05-05,-160.51,160.51,0.00,expense,Costco grocery run,Groceries,Groceries,needs,shopping_bag,#22C55E,Costco,stores,Credit Cards,credit_card,Apple Card,USD,,,,,USD,bulk-stockup,,false
demo-us-000219,2025-05-06,-62.50,62.50,0.00,expense,Mobile phone plan,Home,Phone,needs,home,#3B82F6,T-Mobile,companies,Credit Cards,credit_card,Apple Card,USD,,,,,USD,fixed-cost,,true
demo-us-000259,2025-05-06,-117.43,117.43,0.00,expense,Home Depot,Shopping,Home Improvement,wants,shopping_cart,#F59E0B,Home Depot,stores,Credit Cards,credit_card,Apple Card,USD,,,,,USD,apartment-upkeep,,false
demo-us-000229,2025-05-07,0.00,650.00,650.00,transfer,Automatic savings transfer,,,,,,,,Bank Accounts,account_balance,Chase Checking,USD,Bank Accounts,savings,Ally High Yield Savings,USD,USD,,,true
demo-us-000220,2025-05-08,-90.34,90.34,0.00,expense,Electric utility bill,Home,Utilities,needs,home,#3B82F6,Con Edison,companies,Bank Accounts,account_balance,Chase Checking,USD,,,,,USD,fixed-cost,,true
demo-us-000234,2025-05-09,-119.95,119.95,0.00,expense,Target grocery run,Groceries,Groceries,needs,shopping_bag,#22C55E,Target,stores,Credit Cards,credit_card,Apple Card,USD,,,,,USD,target-run,,false
demo-us-000264,2025-05-09,-111.65,111.65,0.00,expense,"Movies, events, or streaming",Lifestyle,Books,wants,local_activity,#A855F7,Netflix,companies,Credit Cards,credit_card,Apple Card,USD,,,,,USD,subscription,,false
demo-us-000221,2025-05-10,-47.89,47.89,0.00,expense,Natural gas bill,Home,Utilities,needs,home,#3B82F6,National Grid,companies,Bank Accounts,account_balance,Chase Checking,USD,,,,,USD,fixed-cost,,true
demo-us-000222,2025-05-12,-132.40,132.40,0.00,expense,Auto insurance,Transportation,Car Insurance,needs,directions_car,#F97316,GEICO,companies,Bank Accounts,account_balance,Chase Checking,USD,,,,,USD,fixed-cost,,true
demo-us-000235,2025-05-12,-63.24,63.24,0.00,expense,Whole Foods Market grocery run,Groceries,Groceries,needs,shopping_bag,#22C55E,Whole Foods Market,stores,Credit Cards,credit_card,Apple Card,USD,,,,,USD,split-receipt,receipt-202505-12,false
demo-us-000236,2025-05-12,-45.77,45.77,0.00,expense,Whole Foods Market household items,Shopping,Household Supplies,needs,shopping_cart,#F59E0B,Whole Foods Market,stores,Credit Cards,credit_card,Apple Card,USD,,,,,USD,split-receipt,receipt-202505-12,false
demo-us-000246,2025-05-13,-49.24,49.24,0.00,expense,Neighborhood Pizza,Dining,Restaurants,wants,restaurant,#EF4444,Neighborhood Pizza,cafes,Credit Cards,credit_card,Apple Card,USD,,,,,USD,family-night,,false
demo-us-000226,2025-05-15,3250.00,0.00,3250.00,income,Payroll direct deposit,Income,Salary,,payments,#10B981,Northstar Software,companies,,,,,Bank Accounts,account_balance,Chase Checking,USD,USD,primary-income,,true
demo-us-000245,2025-05-15,-24.96,24.96,0.00,expense,Neighborhood Pizza,Dining,Restaurants,wants,restaurant,#EF4444,Neighborhood Pizza,cafes,Credit Cards,credit_card,Apple Card,USD,,,,,USD,family-night,,false
demo-us-000223,2025-05-16,-425.00,425.00,425.00,expense,Auto loan payment,Transportation,Auto Loan,needs,directions_car,#F97316,Capital One Auto Finance,companies,Bank Accounts,account_balance,Chase Checking,USD,Loans,directions_car,Capital One Auto Loan,USD,USD,fixed-cost,,true
demo-us-000237,2025-05-16,-150.07,150.07,0.00,expense,Trader Joe's grocery run,Groceries,Groceries,needs,shopping_bag,#22C55E,Trader Joe's,stores,Bank Accounts,account_balance,Chase Checking,USD,,,,,USD,weekly-errands,,false
demo-us-000224,2025-05-18,-600.00,600.00,600.00,expense,Roth IRA contribution,Savings & Investing,Retirement,savings,savings,#0EA5E9,Vanguard,investments,Bank Accounts,account_balance,Chase Checking,USD,Investments,account_balance,Vanguard Roth IRA,USD,USD,long-term-goals,,true
demo-us-000225,2025-05-20,-250.00,250.00,250.00,expense,Brokerage contribution,Savings & Investing,Investments,savings,savings,#0EA5E9,Fidelity,investments,Bank Accounts,account_balance,Chase Checking,USD,Investments,trending_up,Fidelity Brokerage,USD,USD,long-term-goals,,true
demo-us-000238,2025-05-20,-130.44,130.44,0.00,expense,Target grocery run,Groceries,Groceries,needs,shopping_bag,#22C55E,Target,stores,Credit Cards,credit_card,Apple Card,USD,,,,,USD,split-receipt,receipt-202505-20,false
demo-us-000239,2025-05-20,-19.05,19.05,0.00,expense,Target household items,Shopping,Household Supplies,needs,shopping_cart,#F59E0B,Target,stores,Credit Cards,credit_card,Apple Card,USD,,,,,USD,split-receipt,receipt-202505-20,false
demo-us-000251,2025-05-20,-29.64,29.64,0.00,expense,Sweetgreen,Dining,Lunch,wants,restaurant,#EF4444,Sweetgreen,cafes,Credit Cards,credit_card,Apple Card,USD,,,,,USD,workday,,false
demo-us-000263,2025-05-20,-151.22,151.22,0.00,expense,Kids activities and supplies,Family,Kids Activities,wants,family_restroom,#8B5CF6,School PTA,companies,Credit Cards,credit_card,Apple Card,USD,,,,,USD,after-school,,false
demo-us-000230,2025-05-23,0.00,2348.14,2348.14,transfer,Credit card payment,,,,,,,,Bank Accounts,account_balance,Chase Checking,USD,Credit Cards,credit_card,Apple Card,USD,USD,,,true
demo-us-000265,2025-05-23,-71.32,71.32,0.00,expense,Charitable donation,Giving,Donations,wants,volunteer_activism,#14B8A6,Local Food Bank,charity,Bank Accounts,account_balance,Chase Checking,USD,,,,,USD,community,,false
demo-us-000240,2025-05-24,-101.59,101.59,0.00,expense,Costco grocery run,Groceries,Groceries,needs,shopping_bag,#22C55E,Costco,stores,Bank Accounts,account_balance,Chase Checking,USD,,,,,USD,split-receipt,receipt-202505-24,false
demo-us-000241,2025-05-24,-44.72,44.72,0.00,expense,Costco household items,Shopping,Household Supplies,needs,shopping_cart,#F59E0B,Costco,stores,Credit Cards,credit_card,Apple Card,USD,,,,,USD,split-receipt,receipt-202505-24,false
demo-us-000228,2025-05-25,28.62,0.00,28.62,income,High-yield savings interest,Income,Interest,,payments,#10B981,Ally Bank,companies,,,,,Bank Accounts,savings,Ally High Yield Savings,USD,USD,passive-income,,true
demo-us-000249,2025-05-25,-63.18,63.18,0.00,expense,Neighborhood Pizza,Dining,Restaurants,wants,restaurant,#EF4444,Neighborhood Pizza,cafes,Credit Cards,credit_card,Apple Card,USD,,,,,USD,family-night,,false
demo-us-000254,2025-05-25,-67.78,67.78,0.00,expense,Gas station,Transportation,Gas,needs,directions_car,#F97316,Exxon,stores,Credit Cards,credit_card,Amex Blue Cash,USD,,,,,USD,commute,,false
demo-us-000248,2025-05-26,-82.72,82.72,0.00,expense,Neighborhood Pizza,Dining,Restaurants,wants,restaurant,#EF4444,Neighborhood Pizza,cafes,Credit Cards,credit_card,Apple Card,USD,,,,,USD,family-night,,false
demo-us-000250,2025-05-26,-37.84,37.84,0.00,expense,DoorDash,Dining,Delivery,wants,restaurant,#EF4444,DoorDash,online_stores,Credit Cards,credit_card,Apple Card,USD,,,,,USD,convenience,,false
demo-us-000231,2025-05-27,0.00,983.24,983.24,transfer,Amex payment,,,,,,,,Bank Accounts,account_balance,Chase Checking,USD,Credit Cards,credit_card,Amex Blue Cash,USD,USD,,,true
demo-us-000242,2025-05-27,-155.77,155.77,0.00,expense,Whole Foods Market grocery run,Groceries,Groceries,needs,shopping_bag,#22C55E,Whole Foods Market,stores,Credit Cards,credit_card,Apple Card,USD,,,,,USD,weekly-errands,,false
demo-us-000255,2025-05-27,-47.84,47.84,0.00,expense,Gas station,Transportation,Gas,needs,directions_car,#F97316,Costco Gas,stores,Credit Cards,credit_card,Amex Blue Cash,USD,,,,,USD,commute,,false
demo-us-000247,2025-05-28,-23.77,23.77,0.00,expense,Chipotle,Dining,Lunch,wants,restaurant,#EF4444,Chipotle,cafes,Credit Cards,credit_card,Apple Card,USD,,,,,USD,workday,,false
demo-us-000256,2025-05-29,-54.97,54.97,0.00,expense,Gas station,Transportation,Gas,needs,directions_car,#F97316,Chevron,stores,Bank Accounts,account_balance,Chase Checking,USD,,,,,USD,commute,,false
demo-us-000258,2025-05-29,-19.64,19.64,0.00,expense,Amazon,Shopping,Household Supplies,needs,shopping_cart,#F59E0B,Amazon,online_stores,Credit Cards,credit_card,Apple Card,USD,,,,,USD,online-order,,false
demo-us-000260,2025-05-29,-119.79,119.79,0.00,expense,Amazon,Shopping,Household Supplies,needs,shopping_cart,#F59E0B,Amazon,online_stores,Credit Cards,credit_card,Apple Card,USD,,,,,USD,online-order,,false
demo-us-000227,2025-05-31,3250.00,0.00,3250.00,income,Payroll direct deposit,Income,Salary,,payments,#10B981,Northstar Software,companies,,,,,Bank Accounts,account_balance,Chase Checking,USD,USD,primary-income,,true
demo-us-000243,2025-05-31,-175.60,175.60,0.00,expense,Costco grocery run,Groceries,Groceries,needs,shopping_bag,#22C55E,Costco,stores,Bank Accounts,account_balance,Chase Checking,USD,,,,,USD,bulk-stockup,,false
demo-us-000253,2025-05-31,-56.47,56.47,0.00,expense,Gas station,Transportation,Gas,needs,directions_car,#F97316,Chevron,stores,Bank Accounts,account_balance,Chase Checking,USD,,,,,USD,commute,,false
demo-us-000262,2025-05-31,-49.54,49.54,0.00,expense,Walgreens,Health,Medication,needs,local_hospital,#EC4899,Walgreens,healthcare,Bank Accounts,account_balance,Chase Checking,USD,,,,,USD,hsa-eligible,,false
demo-us-000266,2025-06-01,-2150.00,2150.00,0.00,expense,ACH rent payment - Riverside Apartments,Home,Rent,needs,home,#3B82F6,Riverside Apartments,companies,Bank Accounts,account_balance,Chase Checking,USD,,,,,USD,fixed-cost,,true
demo-us-000284,2025-06-02,-154.64,154.64,0.00,expense,Whole Foods Market grocery run,Groceries,Groceries,needs,shopping_bag,#22C55E,Whole Foods Market,stores,Credit Cards,credit_card,Apple Card,USD,,,,,USD,split-receipt,receipt-202506-2,false
demo-us-000285,2025-06-02,-26.93,26.93,0.00,expense,Whole Foods Market household items,Shopping,Household Supplies,needs,shopping_cart,#F59E0B,Whole Foods Market,stores,Credit Cards,credit_card,Apple Card,USD,,,,,USD,split-receipt,receipt-202506-2,false
demo-us-000302,2025-06-02,-71.34,71.34,0.00,expense,Gas station,Transportation,Gas,needs,directions_car,#F97316,Chevron,stores,Credit Cards,credit_card,Amex Blue Cash,USD,,,,,USD,commute,,false
demo-us-000267,2025-06-03,-185.64,185.64,0.00,expense,Health insurance premium,Health,Health Insurance,needs,local_hospital,#EC4899,Blue Cross Blue Shield,healthcare,Bank Accounts,account_balance,Chase Checking,USD,,,,,USD,fixed-cost,,true
demo-us-000268,2025-06-05,-79.99,79.99,0.00,expense,Fiber internet,Home,Internet,needs,home,#3B82F6,Verizon Fios,companies,Bank Accounts,account_balance,Chase Checking,USD,,,,,USD,fixed-cost,,true
demo-us-000286,2025-06-05,-159.88,159.88,0.00,expense,Trader Joe's grocery run,Groceries,Groceries,needs,shopping_bag,#22C55E,Trader Joe's,stores,Credit Cards,credit_card,Apple Card,USD,,,,,USD,weekly-errands,,false
demo-us-000301,2025-06-05,-29.82,29.82,0.00,expense,Sweetgreen,Dining,Lunch,wants,restaurant,#EF4444,Sweetgreen,cafes,Credit Cards,credit_card,Apple Card,USD,,,,,USD,workday,,false
demo-us-000269,2025-06-06,-62.50,62.50,0.00,expense,Mobile phone plan,Home,Phone,needs,home,#3B82F6,T-Mobile,companies,Credit Cards,credit_card,Apple Card,USD,,,,,USD,fixed-cost,,true
demo-us-000312,2025-06-06,-24.98,24.98,0.00,expense,CVS Pharmacy,Health,Medication,needs,local_hospital,#EC4899,CVS Pharmacy,healthcare,Bank Accounts,account_balance,Chase Checking,USD,,,,,USD,hsa-eligible,,false
demo-us-000279,2025-06-07,0.00,650.00,650.00,transfer,Automatic savings transfer,,,,,,,,Bank Accounts,account_balance,Chase Checking,USD,Bank Accounts,savings,Ally High Yield Savings,USD,USD,,,true
demo-us-000270,2025-06-08,-208.10,208.10,0.00,expense,Electric utility bill,Home,Utilities,needs,home,#3B82F6,Con Edison,companies,Bank Accounts,account_balance,Chase Checking,USD,,,,,USD,fixed-cost;summer-peak,,true
demo-us-000287,2025-06-08,-137.24,137.24,0.00,expense,Kroger grocery run,Groceries,Groceries,needs,shopping_bag,#22C55E,Kroger,stores,Credit Cards,credit_card,Apple Card,USD,,,,,USD,weekly-errands,,false
demo-us-000305,2025-06-08,-67.81,67.81,0.00,expense,Gas station,Transportation,Gas,needs,directions_car,#F97316,Exxon,stores,Credit Cards,credit_card,Amex Blue Cash,USD,,,,,USD,commute,,false
demo-us-000271,2025-06-10,-35.45,35.45,0.00,expense,Natural gas bill,Home,Utilities,needs,home,#3B82F6,National Grid,companies,Bank Accounts,account_balance,Chase Checking,USD,,,,,USD,fixed-cost,,true
demo-us-000315,2025-06-10,-459.16,459.16,0.00,expense,Flight or hotel booking,Travel,Flights,wants,flight,#06B6D4,Delta Air Lines,companies,Credit Cards,credit_card,Apple Card,USD,,,,,USD,summer-trip,,false
demo-us-000272,2025-06-12,-132.40,132.40,0.00,expense,Auto insurance,Transportation,Car Insurance,needs,directions_car,#F97316,GEICO,companies,Bank Accounts,account_balance,Chase Checking,USD,,,,,USD,fixed-cost,,true
demo-us-000288,2025-06-12,-64.34,64.34,0.00,expense,Target grocery run,Groceries,Groceries,needs,shopping_bag,#22C55E,Target,stores,Credit Cards,credit_card,Apple Card,USD,,,,,USD,target-run,,false
demo-us-000298,2025-06-12,-41.21,41.21,0.00,expense,DoorDash,Dining,Delivery,wants,restaurant,#EF4444,DoorDash,online_stores,Credit Cards,credit_card,Apple Card,USD,,,,,USD,convenience,,false
demo-us-000314,2025-06-12,-41.87,41.87,0.00,expense,"Movies, events, or streaming",Lifestyle,Events,wants,local_activity,#A855F7,Ticketmaster,companies,Credit Cards,credit_card,Apple Card,USD,,,,,USD,event-night,,false
demo-us-000276,2025-06-15,3250.00,0.00,3250.00,income,Payroll direct deposit,Income,Salary,,payments,#10B981,Northstar Software,companies,,,,,Bank Accounts,account_balance,Chase Checking,USD,USD,primary-income,,true
demo-us-000296,2025-06-15,-28.79,28.79,0.00,expense,Local Thai Kitchen,Dining,Restaurants,wants,restaurant,#EF4444,Local Thai Kitchen,cafes,Credit Cards,credit_card,Apple Card,USD,,,,,USD,date-night,,false
demo-us-000273,2025-06-16,-425.00,425.00,425.00,expense,Auto loan payment,Transportation,Auto Loan,needs,directions_car,#F97316,Capital One Auto Finance,companies,Bank Accounts,account_balance,Chase Checking,USD,Loans,directions_car,Capital One Auto Loan,USD,USD,fixed-cost,,true
demo-us-000289,2025-06-16,-93.54,93.54,0.00,expense,Costco grocery run,Groceries,Groceries,needs,shopping_bag,#22C55E,Costco,stores,Credit Cards,credit_card,Apple Card,USD,,,,,USD,bulk-stockup,,false
demo-us-000303,2025-06-16,-64.72,64.72,0.00,expense,Gas station,Transportation,Gas,needs,directions_car,#F97316,Shell,stores,Credit Cards,credit_card,Amex Blue Cash,USD,,,,,USD,commute,,false
demo-us-000307,2025-06-17,-222.47,222.47,0.00,expense,Best Buy,Shopping,Electronics,wants,shopping_cart,#F59E0B,Best Buy,stores,Credit Cards,credit_card,Apple Card,USD,,,,,USD,home-office,,false
demo-us-000274,2025-06-18,-600.00,600.00,600.00,expense,Roth IRA contribution,Savings & Investing,Retirement,savings,savings,#0EA5E9,Vanguard,investments,Bank Accounts,account_balance,Chase Checking,USD,Investments,account_balance,Vanguard Roth IRA,USD,USD,long-term-goals,,true
demo-us-000282,2025-06-18,1011.90,0.00,1011.90,income,Freelance analytics project,Income,Freelance,,payments,#10B981,Cedar Studio,companies,,,,,Bank Accounts,account_balance,Chase Checking,USD,USD,client-work,,false
demo-us-000311,2025-06-18,-88.51,88.51,0.00,expense,Delta Dental,Health,Dental,needs,local_hospital,#EC4899,Delta Dental,healthcare,Bank Accounts,account_balance,Chase Checking,USD,,,,,USD,hsa-eligible,,false
demo-us-000275,2025-06-20,-250.00,250.00,250.00,expense,Brokerage contribution,Savings & Investing,Investments,savings,savings,#0EA5E9,Fidelity,investments,Bank Accounts,account_balance,Chase Checking,USD,Investments,trending_up,Fidelity Brokerage,USD,USD,long-term-goals,,true
demo-us-000290,2025-06-20,-145.26,145.26,0.00,expense,Trader Joe's grocery run,Groceries,Groceries,needs,shopping_bag,#22C55E,Trader Joe's,stores,Credit Cards,credit_card,Apple Card,USD,,,,,USD,weekly-errands,,false
demo-us-000297,2025-06-20,-36.75,36.75,0.00,expense,Starbucks,Dining,Coffee,wants,restaurant,#EF4444,Starbucks,cafes,Credit Cards,credit_card,Apple Card,USD,,,,,USD,workday,,false
demo-us-000283,2025-06-21,177.82,0.00,177.82,income,Dividend reinvestment,Income,Dividends,,payments,#10B981,Fidelity,investments,,,,,Investments,trending_up,Fidelity Brokerage,USD,USD,passive-income,,false
demo-us-000310,2025-06-21,-62.73,62.73,0.00,expense,REI,Shopping,Clothing,wants,shopping_cart,#F59E0B,REI,stores,Credit Cards,credit_card,Apple Card,USD,,,,,USD,seasonal-refresh,,false
demo-us-000295,2025-06-22,-35.63,35.63,0.00,expense,Chipotle,Dining,Lunch,wants,restaurant,#EF4444,Chipotle,cafes,Credit Cards,credit_card,Apple Card,USD,,,,,USD,workday,,false
demo-us-000299,2025-06-22,-21.72,21.72,0.00,expense,Local Thai Kitchen,Dining,Restaurants,wants,restaurant,#EF4444,Local Thai Kitchen,cafes,Credit Cards,credit_card,Apple Card,USD,,,,,USD,date-night,,false
demo-us-000308,2025-06-22,-185.97,185.97,0.00,expense,Best Buy,Shopping,Electronics,wants,shopping_cart,#F59E0B,Best Buy,stores,Credit Cards,credit_card,Apple Card,USD,,,,,USD,home-office,,false
demo-us-000313,2025-06-22,-149.75,149.75,0.00,expense,Kids activities and supplies,Family,Kids Activities,wants,family_restroom,#8B5CF6,City Parks,companies,Credit Cards,credit_card,Apple Card,USD,,,,,USD,after-school,,false
demo-us-000280,2025-06-23,0.00,1670.46,1670.46,transfer,Credit card payment,,,,,,,,Bank Accounts,account_balance,Chase Checking,USD,Credit Cards,credit_card,Apple Card,USD,USD,,,true
demo-us-000291,2025-06-23,-94.10,94.10,0.00,expense,Trader Joe's grocery run,Groceries,Groceries,needs,shopping_bag,#22C55E,Trader Joe's,stores,Credit Cards,credit_card,Apple Card,USD,,,,,USD,weekly-errands,,false
demo-us-000300,2025-06-24,-17.10,17.10,0.00,expense,DoorDash,Dining,Delivery,wants,restaurant,#EF4444,DoorDash,online_stores,Credit Cards,credit_card,Apple Card,USD,,,,,USD,convenience,,false
demo-us-000304,2025-06-24,-71.41,71.41,0.00,expense,Gas station,Transportation,Gas,needs,directions_car,#F97316,Shell,stores,Credit Cards,credit_card,Amex Blue Cash,USD,,,,,USD,commute,,false
demo-us-000316,2025-06-24,-95.44,95.44,0.00,expense,Trip meals and activities,Travel,Travel Meals,wants,flight,#06B6D4,Museum Tickets,companies,Credit Cards,credit_card,Apple Card,USD,,,,,USD,summer-trip,,false
demo-us-000278,2025-06-25,48.64,0.00,48.64,income,High-yield savings interest,Income,Interest,,payments,#10B981,Ally Bank,companies,,,,,Bank Accounts,savings,Ally High Yield Savings,USD,USD,passive-income,,true
demo-us-000292,2025-06-26,-166.13,166.13,0.00,expense,Costco grocery run,Groceries,Groceries,needs,shopping_bag,#22C55E,Costco,stores,Credit Cards,credit_card,Apple Card,USD,,,,,USD,bulk-stockup,,false
demo-us-000309,2025-06-26,-96.40,96.40,0.00,expense,Target,Shopping,Household Supplies,needs,shopping_cart,#F59E0B,Target,stores,Bank Accounts,account_balance,Chase Checking,USD,,,,,USD,weekly-errands,,false
demo-us-000317,2025-06-26,84.12,0.00,84.12,offset_income,Returned purchase credit,Shopping,Household Supplies,needs,shopping_cart,#F59E0B,Target,stores,,,,,Credit Cards,credit_card,Apple Card,USD,USD,return-credit,,false
demo-us-000281,2025-06-27,0.00,782.68,782.68,transfer,Amex payment,,,,,,,,Bank Accounts,account_balance,Chase Checking,USD,Credit Cards,credit_card,Amex Blue Cash,USD,USD,,,true
demo-us-000294,2025-06-28,-37.78,37.78,0.00,expense,Sweetgreen,Dining,Lunch,wants,restaurant,#EF4444,Sweetgreen,cafes,Credit Cards,credit_card,Apple Card,USD,,,,,USD,workday,,false
demo-us-000306,2025-06-28,-69.64,69.64,0.00,expense,Gas station,Transportation,Gas,needs,directions_car,#F97316,Costco Gas,stores,Credit Cards,credit_card,Amex Blue Cash,USD,,,,,USD,commute,,false
demo-us-000293,2025-06-29,-111.32,111.32,0.00,expense,Trader Joe's grocery run,Groceries,Groceries,needs,shopping_bag,#22C55E,Trader Joe's,stores,Credit Cards,credit_card,Apple Card,USD,,,,,USD,weekly-errands,,false
demo-us-000277,2025-06-30,3250.00,0.00,3250.00,income,Payroll direct deposit,Income,Salary,,payments,#10B981,Northstar Software,companies,,,,,Bank Accounts,account_balance,Chase Checking,USD,USD,primary-income,,true
demo-us-000318,2025-07-01,-2150.00,2150.00,0.00,expense,ACH rent payment - Riverside Apartments,Home,Rent,needs,home,#3B82F6,Riverside Apartments,companies,Bank Accounts,account_balance,Chase Checking,USD,,,,,USD,fixed-cost,,true
demo-us-000351,2025-07-01,-9.07,9.07,0.00,expense,Starbucks,Dining,Coffee,wants,restaurant,#EF4444,Starbucks,cafes,Credit Cards,credit_card,Apple Card,USD,,,,,USD,workday,,false
demo-us-000334,2025-07-02,-112.45,112.45,0.00,expense,Trader Joe's grocery run,Groceries,Groceries,needs,shopping_bag,#22C55E,Trader Joe's,stores,Bank Accounts,account_balance,Chase Checking,USD,,,,,USD,weekly-errands,,false
demo-us-000354,2025-07-02,-39.62,39.62,0.00,expense,Gas station,Transportation,Gas,needs,directions_car,#F97316,Chevron,stores,Credit Cards,credit_card,Amex Blue Cash,USD,,,,,USD,commute,,false
demo-us-000319,2025-07-03,-185.64,185.64,0.00,expense,Health insurance premium,Health,Health Insurance,needs,local_hospital,#EC4899,Blue Cross Blue Shield,healthcare,Bank Accounts,account_balance,Chase Checking,USD,,,,,USD,fixed-cost,,true
demo-us-000320,2025-07-05,-79.99,79.99,0.00,expense,Fiber internet,Home,Internet,needs,home,#3B82F6,Verizon Fios,companies,Bank Accounts,account_balance,Chase Checking,USD,,,,,USD,fixed-cost,,true
demo-us-000335,2025-07-05,-82.33,82.33,0.00,expense,Kroger grocery run,Groceries,Groceries,needs,shopping_bag,#22C55E,Kroger,stores,Credit Cards,credit_card,Apple Card,USD,,,,,USD,weekly-errands,,false
demo-us-000356,2025-07-05,-50.20,50.20,0.00,expense,Gas station,Transportation,Gas,needs,directions_car,#F97316,Exxon,stores,Bank Accounts,account_balance,Chase Checking,USD,,,,,USD,commute,,false
demo-us-000321,2025-07-06,-62.50,62.50,0.00,expense,Mobile phone plan,Home,Phone,needs,home,#3B82F6,T-Mobile,companies,Credit Cards,credit_card,Apple Card,USD,,,,,USD,fixed-cost,,true
demo-us-000331,2025-07-07,0.00,650.00,650.00,transfer,Automatic savings transfer,,,,,,,,Bank Accounts,account_balance,Chase Checking,USD,Bank Accounts,savings,Ally High Yield Savings,USD,USD,,,true
demo-us-000347,2025-07-07,-35.31,35.31,0.00,expense,Chipotle,Dining,Lunch,wants,restaurant,#EF4444,Chipotle,cafes,Credit Cards,credit_card,Apple Card,USD,,,,,USD,workday,,false
demo-us-000363,2025-07-07,-91.59,91.59,0.00,expense,Walgreens,Health,Medication,needs,local_hospital,#EC4899,Walgreens,healthcare,Bank Accounts,account_balance,Chase Checking,USD,,,,,USD,hsa-eligible,,false
demo-us-000322,2025-07-08,-215.05,215.05,0.00,expense,Electric utility bill,Home,Utilities,needs,home,#3B82F6,Con Edison,companies,Bank Accounts,account_balance,Chase Checking,USD,,,,,USD,fixed-cost;summer-peak,,true
demo-us-000336,2025-07-09,-58.27,58.27,0.00,expense,Kroger grocery run,Groceries,Groceries,needs,shopping_bag,#22C55E,Kroger,stores,Bank Accounts,account_balance,Chase Checking,USD,,,,,USD,weekly-errands,,false
demo-us-000350,2025-07-09,-25.95,25.95,0.00,expense,Sweetgreen,Dining,Lunch,wants,restaurant,#EF4444,Sweetgreen,cafes,Credit Cards,credit_card,Apple Card,USD,,,,,USD,workday,,false
demo-us-000359,2025-07-09,-104.10,104.10,0.00,expense,Home Depot,Shopping,Home Improvement,wants,shopping_cart,#F59E0B,Home Depot,stores,Credit Cards,credit_card,Apple Card,USD,,,,,USD,apartment-upkeep,,false
demo-us-000323,2025-07-10,-45.90,45.90,0.00,expense,Natural gas bill,Home,Utilities,needs,home,#3B82F6,National Grid,companies,Bank Accounts,account_balance,Chase Checking,USD,,,,,USD,fixed-cost,,true
demo-us-000324,2025-07-12,-132.40,132.40,0.00,expense,Auto insurance,Transportation,Car Insurance,needs,directions_car,#F97316,GEICO,companies,Bank Accounts,account_balance,Chase Checking,USD,,,,,USD,fixed-cost,,true
demo-us-000337,2025-07-12,-136.47,136.47,0.00,expense,Kroger grocery run,Groceries,Groceries,needs,shopping_bag,#22C55E,Kroger,stores,Bank Accounts,account_balance,Chase Checking,USD,,,,,USD,split-receipt,receipt-202507-12,false
demo-us-000338,2025-07-12,-37.33,37.33,0.00,expense,Kroger household items,Shopping,Household Supplies,needs,shopping_cart,#F59E0B,Kroger,stores,Credit Cards,credit_card,Apple Card,USD,,,,,USD,split-receipt,receipt-202507-12,false
demo-us-000358,2025-07-12,-69.81,69.81,0.00,expense,Best Buy,Shopping,Electronics,wants,shopping_cart,#F59E0B,Best Buy,stores,Credit Cards,credit_card,Apple Card,USD,,,,,USD,home-office,,false
demo-us-000365,2025-07-12,-513.07,513.07,0.00,expense,Flight or hotel booking,Travel,Rental Car,wants,flight,#06B6D4,Airbnb,companies,Credit Cards,credit_card,Apple Card,USD,,,,,USD,summer-trip,,false
demo-us-000328,2025-07-15,3250.00,0.00,3250.00,income,Payroll direct deposit,Income,Salary,,payments,#10B981,Northstar Software,companies,,,,,Bank Accounts,account_balance,Chase Checking,USD,USD,primary-income,,true
demo-us-000325,2025-07-16,-425.00,425.00,425.00,expense,Auto loan payment,Transportation,Auto Loan,needs,directions_car,#F97316,Capital One Auto Finance,companies,Bank Accounts,account_balance,Chase Checking,USD,Loans,directions_car,Capital One Auto Loan,USD,USD,fixed-cost,,true
demo-us-000339,2025-07-16,-79.29,79.29,0.00,expense,Target grocery run,Groceries,Groceries,needs,shopping_bag,#22C55E,Target,stores,Credit Cards,credit_card,Apple Card,USD,,,,,USD,target-run,,false
demo-us-000357,2025-07-16,-34.19,34.19,0.00,expense,Gas station,Transportation,Gas,needs,directions_car,#F97316,Shell,stores,Credit Cards,credit_card,Amex Blue Cash,USD,,,,,USD,commute,,false
demo-us-000345,2025-07-17,-17.33,17.33,0.00,expense,Starbucks,Dining,Coffee,wants,restaurant,#EF4444,Starbucks,cafes,Credit Cards,credit_card,Apple Card,USD,,,,,USD,workday,,false
demo-us-000326,2025-07-18,-600.00,600.00,600.00,expense,Roth IRA contribution,Savings & Investing,Retirement,savings,savings,#0EA5E9,Vanguard,investments,Bank Accounts,account_balance,Chase Checking,USD,Investments,account_balance,Vanguard Roth IRA,USD,USD,long-term-goals,,true
demo-us-000327,2025-07-20,-250.00,250.00,250.00,expense,Brokerage contribution,Savings & Investing,Investments,savings,savings,#0EA5E9,Fidelity,investments,Bank Accounts,account_balance,Chase Checking,USD,Investments,trending_up,Fidelity Brokerage,USD,USD,long-term-goals,,true
demo-us-000340,2025-07-20,-81.23,81.23,0.00,expense,Trader Joe's grocery run,Groceries,Groceries,needs,shopping_bag,#22C55E,Trader Joe's,stores,Credit Cards,credit_card,Apple Card,USD,,,,,USD,weekly-errands,,false
demo-us-000355,2025-07-20,-67.44,67.44,0.00,expense,Gas station,Transportation,Gas,needs,directions_car,#F97316,Shell,stores,Credit Cards,credit_card,Amex Blue Cash,USD,,,,,USD,commute,,false
demo-us-000349,2025-07-21,-26.45,26.45,0.00,expense,Sweetgreen,Dining,Lunch,wants,restaurant,#EF4444,Sweetgreen,cafes,Credit Cards,credit_card,Apple Card,USD,,,,,USD,workday,,false
demo-us-000364,2025-07-21,-125.86,125.86,0.00,expense,"Movies, events, or streaming",Lifestyle,Streaming,wants,local_activity,#A855F7,Ticketmaster,companies,Credit Cards,credit_card,Apple Card,USD,,,,,USD,event-night,,false
demo-us-000366,2025-07-22,-102.59,102.59,0.00,expense,Trip meals and activities,Travel,Travel Meals,wants,flight,#06B6D4,National Park Service,companies,Credit Cards,credit_card,Apple Card,USD,,,,,USD,summer-trip,,false
demo-us-000332,2025-07-23,0.00,1533.13,1533.13,transfer,Credit card payment,,,,,,,,Bank Accounts,account_balance,Chase Checking,USD,Credit Cards,credit_card,Apple Card,USD,USD,,,true
demo-us-000353,2025-07-23,-70.00,70.00,0.00,expense,Gas station,Transportation,Gas,needs,directions_car,#F97316,Costco Gas,stores,Credit Cards,credit_card,Amex Blue Cash,USD,,,,,USD,commute,,false
demo-us-000341,2025-07-24,-125.45,125.45,0.00,expense,Whole Foods Market grocery run,Groceries,Groceries,needs,shopping_bag,#22C55E,Whole Foods Market,stores,Credit Cards,credit_card,Apple Card,USD,,,,,USD,split-receipt,receipt-202507-24,false
demo-us-000342,2025-07-24,-12.53,12.53,0.00,expense,Whole Foods Market household items,Shopping,Household Supplies,needs,shopping_cart,#F59E0B,Whole Foods Market,stores,Credit Cards,credit_card,Apple Card,USD,,,,,USD,split-receipt,receipt-202507-24,false
demo-us-000348,2025-07-24,-22.15,22.15,0.00,expense,Starbucks,Dining,Coffee,wants,restaurant,#EF4444,Starbucks,cafes,Credit Cards,credit_card,Apple Card,USD,,,,,USD,workday,,false
demo-us-000330,2025-07-25,34.93,0.00,34.93,income,High-yield savings interest,Income,Interest,,payments,#10B981,Ally Bank,companies,,,,,Bank Accounts,savings,Ally High Yield Savings,USD,USD,passive-income,,true
demo-us-000360,2025-07-25,-130.09,130.09,0.00,expense,Amazon,Shopping,Household Supplies,needs,shopping_cart,#F59E0B,Amazon,online_stores,Bank Accounts,account_balance,Chase Checking,USD,,,,,USD,online-order,,false
demo-us-000333,2025-07-27,0.00,804.59,804.59,transfer,Amex payment,,,,,,,,Bank Accounts,account_balance,Chase Checking,USD,Credit Cards,credit_card,Amex Blue Cash,USD,USD,,,true
demo-us-000343,2025-07-27,-140.29,140.29,0.00,expense,Kroger grocery run,Groceries,Groceries,needs,shopping_bag,#22C55E,Kroger,stores,Bank Accounts,account_balance,Chase Checking,USD,,,,,USD,weekly-errands,,false
demo-us-000346,2025-07-27,-78.33,78.33,0.00,expense,Neighborhood Pizza,Dining,Restaurants,wants,restaurant,#EF4444,Neighborhood Pizza,cafes,Credit Cards,credit_card,Apple Card,USD,,,,,USD,family-night,,false
demo-us-000362,2025-07-27,-88.72,88.72,0.00,expense,One Medical,Health,Doctor Visit,needs,local_hospital,#EC4899,One Medical,healthcare,Bank Accounts,account_balance,Chase Checking,USD,,,,,USD,hsa-eligible,,false
demo-us-000352,2025-07-29,-91.38,91.38,0.00,expense,Neighborhood Pizza,Dining,Restaurants,wants,restaurant,#EF4444,Neighborhood Pizza,cafes,Credit Cards,credit_card,Apple Card,USD,,,,,USD,family-night,,false
demo-us-000361,2025-07-29,-65.25,65.25,0.00,expense,REI,Shopping,Clothing,wants,shopping_cart,#F59E0B,REI,stores,Credit Cards,credit_card,Apple Card,USD,,,,,USD,seasonal-refresh,,false
demo-us-000344,2025-07-30,-112.39,112.39,0.00,expense,Costco grocery run,Groceries,Groceries,needs,shopping_bag,#22C55E,Costco,stores,Credit Cards,credit_card,Apple Card,USD,,,,,USD,bulk-stockup,,false
demo-us-000329,2025-07-31,3250.00,0.00,3250.00,income,Payroll direct deposit,Income,Salary,,payments,#10B981,Northstar Software,companies,,,,,Bank Accounts,account_balance,Chase Checking,USD,USD,primary-income,,true
demo-us-000367,2025-08-01,-2150.00,2150.00,0.00,expense,ACH rent payment - Riverside Apartments,Home,Rent,needs,home,#3B82F6,Riverside Apartments,companies,Bank Accounts,account_balance,Chase Checking,USD,,,,,USD,fixed-cost,,true
demo-us-000401,2025-08-01,-70.82,70.82,0.00,expense,Neighborhood Pizza,Dining,Restaurants,wants,restaurant,#EF4444,Neighborhood Pizza,cafes,Credit Cards,credit_card,Apple Card,USD,,,,,USD,family-night,,false
demo-us-000383,2025-08-02,-65.02,65.02,0.00,expense,Trader Joe's grocery run,Groceries,Groceries,needs,shopping_bag,#22C55E,Trader Joe's,stores,Bank Accounts,account_balance,Chase Checking,USD,,,,,USD,split-receipt,receipt-202508-2,false
demo-us-000384,2025-08-02,-14.23,14.23,0.00,expense,Trader Joe's household items,Shopping,Household Supplies,needs,shopping_cart,#F59E0B,Trader Joe's,stores,Credit Cards,credit_card,Apple Card,USD,,,,,USD,split-receipt,receipt-202508-2,false
demo-us-000368,2025-08-03,-185.64,185.64,0.00,expense,Health insurance premium,Health,Health Insurance,needs,local_hospital,#EC4899,Blue Cross Blue Shield,healthcare,Bank Accounts,account_balance,Chase Checking,USD,,,,,USD,fixed-cost,,true
demo-us-000403,2025-08-04,-41.70,41.70,0.00,expense,DoorDash,Dining,Delivery,wants,restaurant,#EF4444,DoorDash,online_stores,Credit Cards,credit_card,Apple Card,USD,,,,,USD,convenience,,false
demo-us-000404,2025-08-04,-65.85,65.85,0.00,expense,Gas station,Transportation,Gas,needs,directions_car,#F97316,Shell,stores,Credit Cards,credit_card,Amex Blue Cash,USD,,,,,USD,commute,,false
demo-us-000369,2025-08-05,-79.99,79.99,0.00,expense,Fiber internet,Home,Internet,needs,home,#3B82F6,Verizon Fios,companies,Bank Accounts,account_balance,Chase Checking,USD,,,,,USD,fixed-cost,,true
demo-us-000414,2025-08-05,-195.85,195.85,0.00,expense,Delta Dental,Health,Dental,needs,local_hospital,#EC4899,Delta Dental,healthcare,Bank Accounts,account_balance,Chase Checking,USD,,,,,USD,hsa-eligible,,false
demo-us-000370,2025-08-06,-62.50,62.50,0.00,expense,Mobile phone plan,Home,Phone,needs,home,#3B82F6,T-Mobile,companies,Credit Cards,credit_card,Apple Card,USD,,,,,USD,fixed-cost,,true
demo-us-000385,2025-08-06,-155.90,155.90,0.00,expense,Costco grocery run,Groceries,Groceries,needs,shopping_bag,#22C55E,Costco,stores,Bank Accounts,account_balance,Chase Checking,USD,,,,,USD,bulk-stockup,,false
demo-us-000380,2025-08-07,0.00,650.00,650.00,transfer,Automatic savings transfer,,,,,,,,Bank Accounts,account_balance,Chase Checking,USD,Bank Accounts,savings,Ally High Yield Savings,USD,USD,,,true
demo-us-000371,2025-08-08,-214.69,214.69,0.00,expense,Electric utility bill,Home,Utilities,needs,home,#3B82F6,Con Edison,companies,Bank Accounts,account_balance,Chase Checking,USD,,,,,USD,fixed-cost;summer-peak,,true
demo-us-000399,2025-08-08,-45.63,45.63,0.00,expense,Starbucks,Dining,Coffee,wants,restaurant,#EF4444,Starbucks,cafes,Credit Cards,credit_card,Apple Card,USD,,,,,USD,workday,,false
demo-us-000405,2025-08-08,-51.00,51.00,0.00,expense,Gas station,Transportation,Gas,needs,directions_car,#F97316,Exxon,stores,Credit Cards,credit_card,Amex Blue Cash,USD,,,,,USD,commute,,false
demo-us-000416,2025-08-08,-104.29,104.29,0.00,expense,"Movies, events, or streaming",Lifestyle,Streaming,wants,local_activity,#A855F7,Netflix,companies,Credit Cards,credit_card,Apple Card,USD,,,,,USD,subscription,,false
demo-us-000413,2025-08-09,-87.06,87.06,0.00,expense,One Medical,Health,Doctor Visit,needs,local_hospital,#EC4899,One Medical,healthcare,Bank Accounts,account_balance,Chase Checking,USD,,,,,USD,hsa-eligible,,false
demo-us-000372,2025-08-10,-33.37,33.37,0.00,expense,Natural gas bill,Home,Utilities,needs,home,#3B82F6,National Grid,companies,Bank Accounts,account_balance,Chase Checking,USD,,,,,USD,fixed-cost,,true
demo-us-000386,2025-08-10,-101.69,101.69,0.00,expense,Kroger grocery run,Groceries,Groceries,needs,shopping_bag,#22C55E,Kroger,stores,Credit Cards,credit_card,Apple Card,USD,,,,,USD,split-receipt,receipt-202508-10,false
demo-us-000387,2025-08-10,-33.26,33.26,0.00,expense,Kroger household items,Shopping,Household Supplies,needs,shopping_cart,#F59E0B,Kroger,stores,Credit Cards,credit_card,Apple Card,USD,,,,,USD,split-receipt,receipt-202508-10,false
demo-us-000408,2025-08-11,-53.84,53.84,0.00,expense,Gas station,Transportation,Gas,needs,directions_car,#F97316,Chevron,stores,Credit Cards,credit_card,Amex Blue Cash,USD,,,,,USD,commute,,false
demo-us-000410,2025-08-11,-62.93,62.93,0.00,expense,Amazon,Shopping,Household Supplies,needs,shopping_cart,#F59E0B,Amazon,online_stores,Credit Cards,credit_card,Apple Card,USD,,,,,USD,online-order,,false
demo-us-000373,2025-08-12,-132.40,132.40,0.00,expense,Auto insurance,Transportation,Car Insurance,needs,directions_car,#F97316,GEICO,companies,Bank Accounts,account_balance,Chase Checking,USD,,,,,USD,fixed-cost,,true
demo-us-000388,2025-08-14,-157.33,157.33,0.00,expense,Whole Foods Market grocery run,Groceries,Groceries,needs,shopping_bag,#22C55E,Whole Foods Market,stores,Credit Cards,credit_card,Apple Card,USD,,,,,USD,split-receipt,receipt-202508-14,false
demo-us-000389,2025-08-14,-45.48,45.48,0.00,expense,Whole Foods Market household items,Shopping,Household Supplies,needs,shopping_cart,#F59E0B,Whole Foods Market,stores,Credit Cards,credit_card,Apple Card,USD,,,,,USD,split-receipt,receipt-202508-14,false
demo-us-000377,2025-08-15,3250.00,0.00,3250.00,income,Payroll direct deposit,Income,Salary,,payments,#10B981,Northstar Software,companies,,,,,Bank Accounts,account_balance,Chase Checking,USD,USD,primary-income,,true
demo-us-000415,2025-08-15,-100.38,100.38,0.00,expense,Kids activities and supplies,Family,Kids Activities,wants,family_restroom,#8B5CF6,YMCA,companies,Credit Cards,credit_card,Apple Card,USD,,,,,USD,after-school,,false
demo-us-000374,2025-08-16,-425.00,425.00,425.00,expense,Auto loan payment,Transportation,Auto Loan,needs,directions_car,#F97316,Capital One Auto Finance,companies,Bank Accounts,account_balance,Chase Checking,USD,Loans,directions_car,Capital One Auto Loan,USD,USD,fixed-cost,,true
demo-us-000396,2025-08-16,-40.19,40.19,0.00,expense,DoorDash,Dining,Delivery,wants,restaurant,#EF4444,DoorDash,online_stores,Credit Cards,credit_card,Apple Card,USD,,,,,USD,convenience,,false
demo-us-000407,2025-08-16,-52.77,52.77,0.00,expense,Gas station,Transportation,Gas,needs,directions_car,#F97316,Shell,stores,Bank Accounts,account_balance,Chase Checking,USD,,,,,USD,commute,,false
demo-us-000390,2025-08-17,-111.27,111.27,0.00,expense,Costco grocery run,Groceries,Groceries,needs,shopping_bag,#22C55E,Costco,stores,Credit Cards,credit_card,Apple Card,USD,,,,,USD,bulk-stockup,,false
demo-us-000400,2025-08-17,-36.41,36.41,0.00,expense,Local Thai Kitchen,Dining,Restaurants,wants,restaurant,#EF4444,Local Thai Kitchen,cafes,Credit Cards,credit_card,Apple Card,USD,,,,,USD,date-night,,false
demo-us-000411,2025-08-17,-112.50,112.50,0.00,expense,REI,Shopping,Clothing,wants,shopping_cart,#F59E0B,REI,stores,Credit Cards,credit_card,Apple Card,USD,,,,,USD,seasonal-refresh,,false
demo-us-000375,2025-08-18,-600.00,600.00,600.00,expense,Roth IRA contribution,Savings & Investing,Retirement,savings,savings,#0EA5E9,Vanguard,investments,Bank Accounts,account_balance,Chase Checking,USD,Investments,account_balance,Vanguard Roth IRA,USD,USD,long-term-goals,,true
demo-us-000417,2025-08-18,-509.80,509.80,0.00,expense,Back-to-school shopping,Family,School Supplies,needs,family_restroom,#8B5CF6,Target,stores,Credit Cards,credit_card,Apple Card,USD,,,,,USD,school-year,,false
demo-us-000376,2025-08-20,-250.00,250.00,250.00,expense,Brokerage contribution,Savings & Investing,Investments,savings,savings,#0EA5E9,Fidelity,investments,Bank Accounts,account_balance,Chase Checking,USD,Investments,trending_up,Fidelity Brokerage,USD,USD,long-term-goals,,true
demo-us-000391,2025-08-20,-97.72,97.72,0.00,expense,Target grocery run,Groceries,Groceries,needs,shopping_bag,#22C55E,Target,stores,Credit Cards,credit_card,Apple Card,USD,,,,,USD,target-run,,false
demo-us-000397,2025-08-20,-33.24,33.24,0.00,expense,Sweetgreen,Dining,Lunch,wants,restaurant,#EF4444,Sweetgreen,cafes,Credit Cards,credit_card,Apple Card,USD,,,,,USD,workday,,false
demo-us-000406,2025-08-20,-70.52,70.52,0.00,expense,Gas station,Transportation,Gas,needs,directions_car,#F97316,Chevron,stores,Credit Cards,credit_card,Amex Blue Cash,USD,,,,,USD,commute,,false
demo-us-000381,2025-08-23,0.00,2197.56,2197.56,transfer,Credit card payment,,,,,,,,Bank Accounts,account_balance,Chase Checking,USD,Credit Cards,credit_card,Apple Card,USD,USD,,,true
demo-us-000392,2025-08-23,-119.96,119.96,0.00,expense,Trader Joe's grocery run,Groceries,Groceries,needs,shopping_bag,#22C55E,Trader Joe's,stores,Credit Cards,credit_card,Apple Card,USD,,,,,USD,weekly-errands,,false
demo-us-000379,2025-08-25,43.01,0.00,43.01,income,High-yield savings interest,Income,Interest,,payments,#10B981,Ally Bank,companies,,,,,Bank Accounts,savings,Ally High Yield Savings,USD,USD,passive-income,,true
demo-us-000382,2025-08-27,0.00,591.78,591.78,transfer,Amex payment,,,,,,,,Bank Accounts,account_balance,Chase Checking,USD,Credit Cards,credit_card,Amex Blue Cash,USD,USD,,,true
demo-us-000393,2025-08-27,-104.86,104.86,0.00,expense,Trader Joe's grocery run,Groceries,Groceries,needs,shopping_bag,#22C55E,Trader Joe's,stores,Bank Accounts,account_balance,Chase Checking,USD,,,,,USD,split-receipt,receipt-202508-27,false
demo-us-000394,2025-08-27,-33.28,33.28,0.00,expense,Trader Joe's household items,Shopping,Household Supplies,needs,shopping_cart,#F59E0B,Trader Joe's,stores,Credit Cards,credit_card,Apple Card,USD,,,,,USD,split-receipt,receipt-202508-27,false
demo-us-000412,2025-08-27,-42.90,42.90,0.00,expense,Target,Shopping,Household Supplies,needs,shopping_cart,#F59E0B,Target,stores,Credit Cards,credit_card,Apple Card,USD,,,,,USD,weekly-errands,,false
demo-us-000395,2025-08-30,-160.32,160.32,0.00,expense,Kroger grocery run,Groceries,Groceries,needs,shopping_bag,#22C55E,Kroger,stores,Credit Cards,credit_card,Apple Card,USD,,,,,USD,weekly-errands,,false
demo-us-000409,2025-08-30,-142.24,142.24,0.00,expense,Amazon,Shopping,Household Supplies,needs,shopping_cart,#F59E0B,Amazon,online_stores,Bank Accounts,account_balance,Chase Checking,USD,,,,,USD,online-order,,false
demo-us-000378,2025-08-31,3250.00,0.00,3250.00,income,Payroll direct deposit,Income,Salary,,payments,#10B981,Northstar Software,companies,,,,,Bank Accounts,account_balance,Chase Checking,USD,USD,primary-income,,true
demo-us-000398,2025-08-31,-43.85,43.85,0.00,expense,DoorDash,Dining,Delivery,wants,restaurant,#EF4444,DoorDash,online_stores,Credit Cards,credit_card,Apple Card,USD,,,,,USD,convenience,,false
demo-us-000402,2025-08-31,-7.17,7.17,0.00,expense,Starbucks,Dining,Coffee,wants,restaurant,#EF4444,Starbucks,cafes,Credit Cards,credit_card,Apple Card,USD,,,,,USD,workday,,false
demo-us-000418,2025-09-01,-2150.00,2150.00,0.00,expense,ACH rent payment - Riverside Apartments,Home,Rent,needs,home,#3B82F6,Riverside Apartments,companies,Bank Accounts,account_balance,Chase Checking,USD,,,,,USD,fixed-cost,,true
demo-us-000436,2025-09-02,-72.20,72.20,0.00,expense,Target grocery run,Groceries,Groceries,needs,shopping_bag,#22C55E,Target,stores,Credit Cards,credit_card,Apple Card,USD,,,,,USD,target-run,,false
demo-us-000419,2025-09-03,-185.64,185.64,0.00,expense,Health insurance premium,Health,Health Insurance,needs,local_hospital,#EC4899,Blue Cross Blue Shield,healthcare,Bank Accounts,account_balance,Chase Checking,USD,,,,,USD,fixed-cost,,true
demo-us-000460,2025-09-04,-123.35,123.35,0.00,expense,Best Buy,Shopping,Electronics,wants,shopping_cart,#F59E0B,Best Buy,stores,Bank Accounts,account_balance,Chase Checking,USD,,,,,USD,home-office,,false
demo-us-000420,2025-09-05,-79.99,79.99,0.00,expense,Fiber internet,Home,Internet,needs,home,#3B82F6,Verizon Fios,companies,Bank Accounts,account_balance,Chase Checking,USD,,,,,USD,fixed-cost,,true
demo-us-000448,2025-09-05,-21.48,21.48,0.00,expense,Neighborhood Pizza,Dining,Restaurants,wants,restaurant,#EF4444,Neighborhood Pizza,cafes,Credit Cards,credit_card,Apple Card,USD,,,,,USD,family-night,,false
demo-us-000421,2025-09-06,-62.50,62.50,0.00,expense,Mobile phone plan,Home,Phone,needs,home,#3B82F6,T-Mobile,companies,Credit Cards,credit_card,Apple Card,USD,,,,,USD,fixed-cost,,true
demo-us-000437,2025-09-06,-150.44,150.44,0.00,expense,Whole Foods Market grocery run,Groceries,Groceries,needs,shopping_bag,#22C55E,Whole Foods Market,stores,Credit Cards,credit_card,Apple Card,USD,,,,,USD,weekly-errands,,false
demo-us-000431,2025-09-07,0.00,650.00,650.00,transfer,Automatic savings transfer,,,,,,,,Bank Accounts,account_balance,Chase Checking,USD,Bank Accounts,savings,Ally High Yield Savings,USD,USD,,,true
demo-us-000422,2025-09-08,-201.71,201.71,0.00,expense,Electric utility bill,Home,Utilities,needs,home,#3B82F6,Con Edison,companies,Bank Accounts,account_balance,Chase Checking,USD,,,,,USD,fixed-cost;summer-peak,,true
demo-us-000438,2025-09-09,-136.91,136.91,0.00,expense,Target grocery run,Groceries,Groceries,needs,shopping_bag,#22C55E,Target,stores,Credit Cards,credit_card,Apple Card,USD,,,,,USD,target-run,,false
demo-us-000423,2025-09-10,-51.30,51.30,0.00,expense,Natural gas bill,Home,Utilities,needs,home,#3B82F6,National Grid,companies,Bank Accounts,account_balance,Chase Checking,USD,,,,,USD,fixed-cost,,true
demo-us-000424,2025-09-12,-132.40,132.40,0.00,expense,Auto insurance,Transportation,Car Insurance,needs,directions_car,#F97316,GEICO,companies,Bank Accounts,account_balance,Chase Checking,USD,,,,,USD,fixed-cost,,true
demo-us-000439,2025-09-13,-201.51,201.51,0.00,expense,Costco grocery run,Groceries,Groceries,needs,shopping_bag,#22C55E,Costco,stores,Credit Cards,credit_card,Apple Card,USD,,,,,USD,bulk-stockup,,false
demo-us-000428,2025-09-15,3250.00,0.00,3250.00,income,Payroll direct deposit,Income,Salary,,payments,#10B981,Northstar Software,companies,,,,,Bank Accounts,account_balance,Chase Checking,USD,USD,primary-income,,true
demo-us-000425,2025-09-16,-425.00,425.00,425.00,expense,Auto loan payment,Transportation,Auto Loan,needs,directions_car,#F97316,Capital One Auto Finance,companies,Bank Accounts,account_balance,Chase Checking,USD,Loans,directions_car,Capital One Auto Loan,USD,USD,fixed-cost,,true
demo-us-000440,2025-09-16,-87.29,87.29,0.00,expense,Kroger grocery run,Groceries,Groceries,needs,shopping_bag,#22C55E,Kroger,stores,Credit Cards,credit_card,Apple Card,USD,,,,,USD,weekly-errands,,false
demo-us-000446,2025-09-16,-45.62,45.62,0.00,expense,DoorDash,Dining,Delivery,wants,restaurant,#EF4444,DoorDash,online_stores,Credit Cards,credit_card,Apple Card,USD,,,,,USD,convenience,,false
demo-us-000455,2025-09-16,-42.92,42.92,0.00,expense,Gas station,Transportation,Gas,needs,directions_car,#F97316,Costco Gas,stores,Bank Accounts,account_balance,Chase Checking,USD,,,,,USD,commute,,false
demo-us-000451,2025-09-17,-91.78,91.78,0.00,expense,Local Thai Kitchen,Dining,Restaurants,wants,restaurant,#EF4444,Local Thai Kitchen,cafes,Credit Cards,credit_card,Apple Card,USD,,,,,USD,date-night,,false
demo-us-000459,2025-09-17,-124.37,124.37,0.00,expense,Amazon,Shopping,Household Supplies,needs,shopping_cart,#F59E0B,Amazon,online_stores,Credit Cards,credit_card,Apple Card,USD,,,,,USD,online-order,,false
demo-us-000426,2025-09-18,-600.00,600.00,600.00,expense,Roth IRA contribution,Savings & Investing,Retirement,savings,savings,#0EA5E9,Vanguard,investments,Bank Accounts,account_balance,Chase Checking,USD,Investments,account_balance,Vanguard Roth IRA,USD,USD,long-term-goals,,true
demo-us-000434,2025-09-18,1095.35,0.00,1095.35,income,Freelance analytics project,Income,Freelance,,payments,#10B981,Cedar Studio,companies,,,,,Bank Accounts,account_balance,Chase Checking,USD,USD,client-work,,false
demo-us-000463,2025-09-18,-92.55,92.55,0.00,expense,One Medical,Health,Doctor Visit,needs,local_hospital,#EC4899,One Medical,healthcare,Bank Accounts,account_balance,Chase Checking,USD,,,,,USD,hsa-eligible,,false
demo-us-000447,2025-09-19,-31.04,31.04,0.00,expense,Starbucks,Dining,Coffee,wants,restaurant,#EF4444,Starbucks,cafes,Credit Cards,credit_card,Apple Card,USD,,,,,USD,workday,,false
demo-us-000427,2025-09-20,-250.00,250.00,250.00,expense,Brokerage contribution,Savings & Investing,Investments,savings,savings,#0EA5E9,Fidelity,investments,Bank Accounts,account_balance,Chase Checking,USD,Investments,trending_up,Fidelity Brokerage,USD,USD,long-term-goals,,true
demo-us-000441,2025-09-20,-112.10,112.10,0.00,expense,Whole Foods Market grocery run,Groceries,Groceries,needs,shopping_bag,#22C55E,Whole Foods Market,stores,Credit Cards,credit_card,Apple Card,USD,,,,,USD,weekly-errands,,false
demo-us-000456,2025-09-20,-68.90,68.90,0.00,expense,Gas station,Transportation,Gas,needs,directions_car,#F97316,Exxon,stores,Bank Accounts,account_balance,Chase Checking,USD,,,,,USD,commute,,false
demo-us-000435,2025-09-21,208.21,0.00,208.21,income,Dividend reinvestment,Income,Dividends,,payments,#10B981,Fidelity,investments,,,,,Investments,trending_up,Fidelity Brokerage,USD,USD,passive-income,,false
demo-us-000453,2025-09-21,-26.58,26.58,0.00,expense,DoorDash,Dining,Delivery,wants,restaurant,#EF4444,DoorDash,online_stores,Credit Cards,credit_card,Apple Card,USD,,,,,USD,convenience,,false
demo-us-000452,2025-09-22,-67.54,67.54,0.00,expense,Local Thai Kitchen,Dining,Restaurants,wants,restaurant,#EF4444,Local Thai Kitchen,cafes,Credit Cards,credit_card,Apple Card,USD,,,,,USD,date-night,,false
demo-us-000432,2025-09-23,0.00,1654.69,1654.69,transfer,Credit card payment,,,,,,,,Bank Accounts,account_balance,Chase Checking,USD,Credit Cards,credit_card,Apple Card,USD,USD,,,true
demo-us-000442,2025-09-23,-166.23,166.23,0.00,expense,Costco grocery run,Groceries,Groceries,needs,shopping_bag,#22C55E,Costco,stores,Bank Accounts,account_balance,Chase Checking,USD,,,,,USD,bulk-stockup,,false
demo-us-000450,2025-09-23,-40.71,40.71,0.00,expense,Chipotle,Dining,Lunch,wants,restaurant,#EF4444,Chipotle,cafes,Credit Cards,credit_card,Apple Card,USD,,,,,USD,workday,,false
demo-us-000465,2025-09-23,-163.38,163.38,0.00,expense,Kids activities and supplies,Family,Kids Activities,wants,family_restroom,#8B5CF6,YMCA,companies,Credit Cards,credit_card,Apple Card,USD,,,,,USD,after-school,,false
demo-us-000467,2025-09-23,-81.43,81.43,0.00,expense,Charitable donation,Giving,Donations,wants,volunteer_activism,#14B8A6,Red Cross,charity,Bank Accounts,account_balance,Chase Checking,USD,,,,,USD,community,,false
demo-us-000462,2025-09-24,-111.11,111.11,0.00,expense,REI,Shopping,Clothing,wants,shopping_cart,#F59E0B,REI,stores,Credit Cards,credit_card,Apple Card,USD,,,,,USD,seasonal-refresh,,false
demo-us-000464,2025-09-24,-136.67,136.67,0.00,expense,Delta Dental,Health,Dental,needs,local_hospital,#EC4899,Delta Dental,healthcare,Bank Accounts,account_balance,Chase Checking,USD,,,,,USD,hsa-eligible,,false
demo-us-000430,2025-09-25,57.59,0.00,57.59,income,High-yield savings interest,Income,Interest,,payments,#10B981,Ally Bank,companies,,,,,Bank Accounts,savings,Ally High Yield Savings,USD,USD,passive-income,,true
demo-us-000454,2025-09-25,-61.76,61.76,0.00,expense,Gas station,Transportation,Gas,needs,directions_car,#F97316,Chevron,stores,Credit Cards,credit_card,Amex Blue Cash,USD,,,,,USD,commute,,false
demo-us-000466,2025-09-25,-98.19,98.19,0.00,expense,"Movies, events, or streaming",Lifestyle,Movies,wants,local_activity,#A855F7,Ticketmaster,companies,Credit Cards,credit_card,Apple Card,USD,,,,,USD,event-night,,false
demo-us-000433,2025-09-27,0.00,903.70,903.70,transfer,Amex payment,,,,,,,,Bank Accounts,account_balance,Chase Checking,USD,Credit Cards,credit_card,Amex Blue Cash,USD,USD,,,true
demo-us-000443,2025-09-27,-124.57,124.57,0.00,expense,Target grocery run,Groceries,Groceries,needs,shopping_bag,#22C55E,Target,stores,Credit Cards,credit_card,Apple Card,USD,,,,,USD,split-receipt,receipt-202509-27,false
demo-us-000444,2025-09-27,-33.69,33.69,0.00,expense,Target household items,Shopping,Household Supplies,needs,shopping_cart,#F59E0B,Target,stores,Credit Cards,credit_card,Apple Card,USD,,,,,USD,split-receipt,receipt-202509-27,false
demo-us-000449,2025-09-27,-68.44,68.44,0.00,expense,Local Thai Kitchen,Dining,Restaurants,wants,restaurant,#EF4444,Local Thai Kitchen,cafes,Credit Cards,credit_card,Apple Card,USD,,,,,USD,date-night,,false
demo-us-000457,2025-09-27,-36.46,36.46,0.00,expense,Gas station,Transportation,Gas,needs,directions_car,#F97316,Costco Gas,stores,Credit Cards,credit_card,Amex Blue Cash,USD,,,,,USD,commute,,false
demo-us-000458,2025-09-28,-39.83,39.83,0.00,expense,Gas station,Transportation,Gas,needs,directions_car,#F97316,Shell,stores,Credit Cards,credit_card,Amex Blue Cash,USD,,,,,USD,commute,,false
demo-us-000461,2025-09-28,-84.03,84.03,0.00,expense,REI,Shopping,Clothing,wants,shopping_cart,#F59E0B,REI,stores,Credit Cards,credit_card,Apple Card,USD,,,,,USD,seasonal-refresh,,false
demo-us-000429,2025-09-30,3250.00,0.00,3250.00,income,Payroll direct deposit,Income,Salary,,payments,#10B981,Northstar Software,companies,,,,,Bank Accounts,account_balance,Chase Checking,USD,USD,primary-income,,true
demo-us-000445,2025-09-30,-121.43,121.43,0.00,expense,Costco grocery run,Groceries,Groceries,needs,shopping_bag,#22C55E,Costco,stores,Credit Cards,credit_card,Apple Card,USD,,,,,USD,bulk-stockup,,false
demo-us-000468,2025-10-01,-2150.00,2150.00,0.00,expense,ACH rent payment - Riverside Apartments,Home,Rent,needs,home,#3B82F6,Riverside Apartments,companies,Bank Accounts,account_balance,Chase Checking,USD,,,,,USD,fixed-cost,,true
demo-us-000484,2025-10-02,-89.96,89.96,0.00,expense,Whole Foods Market grocery run,Groceries,Groceries,needs,shopping_bag,#22C55E,Whole Foods Market,stores,Bank Accounts,account_balance,Chase Checking,USD,,,,,USD,split-receipt,receipt-202510-2,false
demo-us-000485,2025-10-02,-13.57,13.57,0.00,expense,Whole Foods Market household items,Shopping,Household Supplies,needs,shopping_cart,#F59E0B,Whole Foods Market,stores,Credit Cards,credit_card,Apple Card,USD,,,,,USD,split-receipt,receipt-202510-2,false
demo-us-000504,2025-10-02,-47.04,47.04,0.00,expense,Local Thai Kitchen,Dining,Restaurants,wants,restaurant,#EF4444,Local Thai Kitchen,cafes,Credit Cards,credit_card,Apple Card,USD,,,,,USD,date-night,,false
demo-us-000469,2025-10-03,-185.64,185.64,0.00,expense,Health insurance premium,Health,Health Insurance,needs,local_hospital,#EC4899,Blue Cross Blue Shield,healthcare,Bank Accounts,account_balance,Chase Checking,USD,,,,,USD,fixed-cost,,true
demo-us-000497,2025-10-03,-24.42,24.42,0.00,expense,Chipotle,Dining,Lunch,wants,restaurant,#EF4444,Chipotle,cafes,Credit Cards,credit_card,Apple Card,USD,,,,,USD,workday,,false
demo-us-000470,2025-10-05,-79.99,79.99,0.00,expense,Fiber internet,Home,Internet,needs,home,#3B82F6,Verizon Fios,companies,Bank Accounts,account_balance,Chase Checking,USD,,,,,USD,fixed-cost,,true
demo-us-000471,2025-10-06,-62.50,62.50,0.00,expense,Mobile phone plan,Home,Phone,needs,home,#3B82F6,T-Mobile,companies,Credit Cards,credit_card,Apple Card,USD,,,,,USD,fixed-cost,,true
demo-us-000486,2025-10-06,-107.39,107.39,0.00,expense,Target grocery run,Groceries,Groceries,needs,shopping_bag,#22C55E,Target,stores,Credit Cards,credit_card,Apple Card,USD,,,,,USD,split-receipt,receipt-202510-6,false
demo-us-000487,2025-10-06,-20.30,20.30,0.00,expense,Target household items,Shopping,Household Supplies,needs,shopping_cart,#F59E0B,Target,stores,Credit Cards,credit_card,Apple Card,USD,,,,,USD,split-receipt,receipt-202510-6,false
demo-us-000507,2025-10-06,-37.45,37.45,0.00,expense,Gas station,Transportation,Gas,needs,directions_car,#F97316,Chevron,stores,Credit Cards,credit_card,Amex Blue Cash,USD,,,,,USD,commute,,false
demo-us-000481,2025-10-07,0.00,650.00,650.00,transfer,Automatic savings transfer,,,,,,,,Bank Accounts,account_balance,Chase Checking,USD,Bank Accounts,savings,Ally High Yield Savings,USD,USD,,,true
demo-us-000502,2025-10-07,-21.66,21.66,0.00,expense,Sweetgreen,Dining,Lunch,wants,restaurant,#EF4444,Sweetgreen,cafes,Credit Cards,credit_card,Apple Card,USD,,,,,USD,workday,,false
demo-us-000472,2025-10-08,-143.01,143.01,0.00,expense,Electric utility bill,Home,Utilities,needs,home,#3B82F6,Con Edison,companies,Bank Accounts,account_balance,Chase Checking,USD,,,,,USD,fixed-cost,,true
demo-us-000506,2025-10-09,-66.83,66.83,0.00,expense,Gas station,Transportation,Gas,needs,directions_car,#F97316,Exxon,stores,Credit Cards,credit_card,Amex Blue Cash,USD,,,,,USD,commute,,false
demo-us-000509,2025-10-09,-37.44,37.44,0.00,expense,Gas station,Transportation,Gas,needs,directions_car,#F97316,Shell,stores,Credit Cards,credit_card,Amex Blue Cash,USD,,,,,USD,commute,,false
demo-us-000515,2025-10-09,-40.80,40.80,0.00,expense,CVS Pharmacy,Health,Medication,needs,local_hospital,#EC4899,CVS Pharmacy,healthcare,Bank Accounts,account_balance,Chase Checking,USD,,,,,USD,hsa-eligible,,false
demo-us-000473,2025-10-10,-46.03,46.03,0.00,expense,Natural gas bill,Home,Utilities,needs,home,#3B82F6,National Grid,companies,Bank Accounts,account_balance,Chase Checking,USD,,,,,USD,fixed-cost,,true
demo-us-000488,2025-10-10,-106.42,106.42,0.00,expense,Kroger grocery run,Groceries,Groceries,needs,shopping_bag,#22C55E,Kroger,stores,Bank Accounts,account_balance,Chase Checking,USD,,,,,USD,split-receipt,receipt-202510-10,false
demo-us-000489,2025-10-10,-24.14,24.14,0.00,expense,Kroger household items,Shopping,Household Supplies,needs,shopping_cart,#F59E0B,Kroger,stores,Credit Cards,credit_card,Apple Card,USD,,,,,USD,split-receipt,receipt-202510-10,false
demo-us-000500,2025-10-10,-12.57,12.57,0.00,expense,Starbucks,Dining,Coffee,wants,restaurant,#EF4444,Starbucks,cafes,Credit Cards,credit_card,Apple Card,USD,,,,,USD,workday,,false
demo-us-000474,2025-10-12,-132.40,132.40,0.00,expense,Auto insurance,Transportation,Car Insurance,needs,directions_car,#F97316,GEICO,companies,Bank Accounts,account_balance,Chase Checking,USD,,,,,USD,fixed-cost,,true
demo-us-000499,2025-10-12,-18.11,18.11,0.00,expense,Starbucks,Dining,Coffee,wants,restaurant,#EF4444,Starbucks,cafes,Credit Cards,credit_card,Apple Card,USD,,,,,USD,workday,,false
demo-us-000501,2025-10-13,-17.77,17.77,0.00,expense,DoorDash,Dining,Delivery,wants,restaurant,#EF4444,DoorDash,online_stores,Credit Cards,credit_card,Apple Card,USD,,,,,USD,convenience,,false
demo-us-000503,2025-10-13,-37.90,37.90,0.00,expense,Sweetgreen,Dining,Lunch,wants,restaurant,#EF4444,Sweetgreen,cafes,Credit Cards,credit_card,Apple Card,USD,,,,,USD,workday,,false
demo-us-000512,2025-10-13,-47.92,47.92,0.00,expense,Amazon,Shopping,Household Supplies,needs,shopping_cart,#F59E0B,Amazon,online_stores,Credit Cards,credit_card,Apple Card,USD,,,,,USD,online-order,,false
demo-us-000516,2025-10-13,-56.77,56.77,0.00,expense,"Movies, events, or streaming",Lifestyle,Movies,wants,local_activity,#A855F7,AMC Theatres,companies,Credit Cards,credit_card,Apple Card,USD,,,,,USD,family-night,,false
demo-us-000490,2025-10-14,-86.15,86.15,0.00,expense,Target grocery run,Groceries,Groceries,needs,shopping_bag,#22C55E,Target,stores,Credit Cards,credit_card,Apple Card,USD,,,,,USD,target-run,,false
demo-us-000478,2025-10-15,3250.00,0.00,3250.00,income,Payroll direct deposit,Income,Salary,,payments,#10B981,Northstar Software,companies,,,,,Bank Accounts,account_balance,Chase Checking,USD,USD,primary-income,,true
demo-us-000511,2025-10-15,-109.69,109.69,0.00,expense,REI,Shopping,Clothing,wants,shopping_cart,#F59E0B,REI,stores,Credit Cards,credit_card,Apple Card,USD,,,,,USD,seasonal-refresh,,false
demo-us-000475,2025-10-16,-425.00,425.00,425.00,expense,Auto loan payment,Transportation,Auto Loan,needs,directions_car,#F97316,Capital One Auto Finance,companies,Bank Accounts,account_balance,Chase Checking,USD,Loans,directions_car,Capital One Auto Loan,USD,USD,fixed-cost,,true
demo-us-000491,2025-10-17,-143.51,143.51,0.00,expense,Target grocery run,Groceries,Groceries,needs,shopping_bag,#22C55E,Target,stores,Credit Cards,credit_card,Apple Card,USD,,,,,USD,target-run,,false
demo-us-000476,2025-10-18,-600.00,600.00,600.00,expense,Roth IRA contribution,Savings & Investing,Retirement,savings,savings,#0EA5E9,Vanguard,investments,Bank Accounts,account_balance,Chase Checking,USD,Investments,account_balance,Vanguard Roth IRA,USD,USD,long-term-goals,,true
demo-us-000498,2025-10-19,-33.83,33.83,0.00,expense,Sweetgreen,Dining,Lunch,wants,restaurant,#EF4444,Sweetgreen,cafes,Credit Cards,credit_card,Apple Card,USD,,,,,USD,workday,,false
demo-us-000514,2025-10-19,-93.19,93.19,0.00,expense,One Medical,Health,Doctor Visit,needs,local_hospital,#EC4899,One Medical,healthcare,Bank Accounts,account_balance,Chase Checking,USD,,,,,USD,hsa-eligible,,false
demo-us-000477,2025-10-20,-250.00,250.00,250.00,expense,Brokerage contribution,Savings & Investing,Investments,savings,savings,#0EA5E9,Fidelity,investments,Bank Accounts,account_balance,Chase Checking,USD,Investments,trending_up,Fidelity Brokerage,USD,USD,long-term-goals,,true
demo-us-000492,2025-10-20,-80.91,80.91,0.00,expense,Costco grocery run,Groceries,Groceries,needs,shopping_bag,#22C55E,Costco,stores,Credit Cards,credit_card,Apple Card,USD,,,,,USD,split-receipt,receipt-202510-20,false
demo-us-000493,2025-10-20,-35.18,35.18,0.00,expense,Costco household items,Shopping,Household Supplies,needs,shopping_cart,#F59E0B,Costco,stores,Credit Cards,credit_card,Apple Card,USD,,,,,USD,split-receipt,receipt-202510-20,false
demo-us-000505,2025-10-21,-51.37,51.37,0.00,expense,Gas station,Transportation,Gas,needs,directions_car,#F97316,Exxon,stores,Credit Cards,credit_card,Amex Blue Cash,USD,,,,,USD,commute,,false
demo-us-000508,2025-10-21,-60.99,60.99,0.00,expense,Gas station,Transportation,Gas,needs,directions_car,#F97316,Costco Gas,stores,Credit Cards,credit_card,Amex Blue Cash,USD,,,,,USD,commute,,false
demo-us-000482,2025-10-23,0.00,1898.16,1898.16,transfer,Credit card payment,,,,,,,,Bank Accounts,account_balance,Chase Checking,USD,Credit Cards,credit_card,Apple Card,USD,USD,,,true
demo-us-000513,2025-10-23,-70.05,70.05,0.00,expense,REI,Shopping,Clothing,wants,shopping_cart,#F59E0B,REI,stores,Credit Cards,credit_card,Apple Card,USD,,,,,USD,seasonal-refresh,,false
demo-us-000494,2025-10-24,-113.38,113.38,0.00,expense,Kroger grocery run,Groceries,Groceries,needs,shopping_bag,#22C55E,Kroger,stores,Credit Cards,credit_card,Apple Card,USD,,,,,USD,weekly-errands,,false
demo-us-000480,2025-10-25,77.81,0.00,77.81,income,High-yield savings interest,Income,Interest,,payments,#10B981,Ally Bank,companies,,,,,Bank Accounts,savings,Ally High Yield Savings,USD,USD,passive-income,,true
demo-us-000517,2025-10-26,70.99,0.00,70.99,offset_income,Returned purchase credit,Shopping,Household Supplies,needs,shopping_cart,#F59E0B,Target,stores,,,,,Credit Cards,credit_card,Apple Card,USD,USD,return-credit,,false
demo-us-000483,2025-10-27,0.00,672.91,672.91,transfer,Amex payment,,,,,,,,Bank Accounts,account_balance,Chase Checking,USD,Credit Cards,credit_card,Amex Blue Cash,USD,USD,,,true
demo-us-000495,2025-10-27,-95.77,95.77,0.00,expense,Kroger grocery run,Groceries,Groceries,needs,shopping_bag,#22C55E,Kroger,stores,Bank Accounts,account_balance,Chase Checking,USD,,,,,USD,weekly-errands,,false
demo-us-000510,2025-10-27,-125.35,125.35,0.00,expense,Home Depot,Shopping,Home Improvement,wants,shopping_cart,#F59E0B,Home Depot,stores,Bank Accounts,account_balance,Chase Checking,USD,,,,,USD,apartment-upkeep,,false
demo-us-000479,2025-10-31,3250.00,0.00,3250.00,income,Payroll direct deposit,Income,Salary,,payments,#10B981,Northstar Software,companies,,,,,Bank Accounts,account_balance,Chase Checking,USD,USD,primary-income,,true
demo-us-000496,2025-10-31,-122.66,122.66,0.00,expense,Target grocery run,Groceries,Groceries,needs,shopping_bag,#22C55E,Target,stores,Credit Cards,credit_card,Apple Card,USD,,,,,USD,target-run,,false
demo-us-000518,2025-11-01,-2150.00,2150.00,0.00,expense,ACH rent payment - Riverside Apartments,Home,Rent,needs,home,#3B82F6,Riverside Apartments,companies,Bank Accounts,account_balance,Chase Checking,USD,,,,,USD,fixed-cost,,true
demo-us-000548,2025-11-01,-45.44,45.44,0.00,expense,Chipotle,Dining,Lunch,wants,restaurant,#EF4444,Chipotle,cafes,Credit Cards,credit_card,Apple Card,USD,,,,,USD,workday,,false
demo-us-000534,2025-11-02,-155.96,155.96,0.00,expense,Target grocery run,Groceries,Groceries,needs,shopping_bag,#22C55E,Target,stores,Bank Accounts,account_balance,Chase Checking,USD,,,,,USD,target-run,,false
demo-us-000519,2025-11-03,-185.64,185.64,0.00,expense,Health insurance premium,Health,Health Insurance,needs,local_hospital,#EC4899,Blue Cross Blue Shield,healthcare,Bank Accounts,account_balance,Chase Checking,USD,,,,,USD,fixed-cost,,true
demo-us-000520,2025-11-05,-79.99,79.99,0.00,expense,Fiber internet,Home,Internet,needs,home,#3B82F6,Verizon Fios,companies,Bank Accounts,account_balance,Chase Checking,USD,,,,,USD,fixed-cost,,true
demo-us-000535,2025-11-05,-152.15,152.15,0.00,expense,Costco grocery run,Groceries,Groceries,needs,shopping_bag,#22C55E,Costco,stores,Credit Cards,credit_card,Apple Card,USD,,,,,USD,bulk-stockup,,false
demo-us-000559,2025-11-05,-65.98,65.98,0.00,expense,Gas station,Transportation,Gas,needs,directions_car,#F97316,Chevron,stores,Credit Cards,credit_card,Amex Blue Cash,USD,,,,,USD,commute,,false
demo-us-000521,2025-11-06,-62.50,62.50,0.00,expense,Mobile phone plan,Home,Phone,needs,home,#3B82F6,T-Mobile,companies,Credit Cards,credit_card,Apple Card,USD,,,,,USD,fixed-cost,,true
demo-us-000531,2025-11-07,0.00,650.00,650.00,transfer,Automatic savings transfer,,,,,,,,Bank Accounts,account_balance,Chase Checking,USD,Bank Accounts,savings,Ally High Yield Savings,USD,USD,,,true
demo-us-000549,2025-11-07,-25.88,25.88,0.00,expense,DoorDash,Dining,Delivery,wants,restaurant,#EF4444,DoorDash,online_stores,Credit Cards,credit_card,Apple Card,USD,,,,,USD,convenience,,false
demo-us-000522,2025-11-08,-136.21,136.21,0.00,expense,Electric utility bill,Home,Utilities,needs,home,#3B82F6,Con Edison,companies,Bank Accounts,account_balance,Chase Checking,USD,,,,,USD,fixed-cost,,true
demo-us-000536,2025-11-09,-150.59,150.59,0.00,expense,Costco grocery run,Groceries,Groceries,needs,shopping_bag,#22C55E,Costco,stores,Bank Accounts,account_balance,Chase Checking,USD,,,,,USD,split-receipt,receipt-202511-9,false
demo-us-000537,2025-11-09,-21.60,21.60,0.00,expense,Costco household items,Shopping,Household Supplies,needs,shopping_cart,#F59E0B,Costco,stores,Credit Cards,credit_card,Apple Card,USD,,,,,USD,split-receipt,receipt-202511-9,false
demo-us-000523,2025-11-10,-108.32,108.32,0.00,expense,Natural gas bill,Home,Utilities,needs,home,#3B82F6,National Grid,companies,Bank Accounts,account_balance,Chase Checking,USD,,,,,USD,fixed-cost;winter-peak,,true
demo-us-000555,2025-11-10,-57.14,57.14,0.00,expense,Gas station,Transportation,Gas,needs,directions_car,#F97316,Shell,stores,Credit Cards,credit_card,Amex Blue Cash,USD,,,,,USD,commute,,false
demo-us-000552,2025-11-11,-41.05,41.05,0.00,expense,Local Thai Kitchen,Dining,Restaurants,wants,restaurant,#EF4444,Local Thai Kitchen,cafes,Credit Cards,credit_card,Apple Card,USD,,,,,USD,date-night,,false
demo-us-000553,2025-11-11,-21.39,21.39,0.00,expense,DoorDash,Dining,Delivery,wants,restaurant,#EF4444,DoorDash,online_stores,Credit Cards,credit_card,Apple Card,USD,,,,,USD,convenience,,false
demo-us-000524,2025-11-12,-132.40,132.40,0.00,expense,Auto insurance,Transportation,Car Insurance,needs,directions_car,#F97316,GEICO,companies,Bank Accounts,account_balance,Chase Checking,USD,,,,,USD,fixed-cost,,true
demo-us-000538,2025-11-13,-71.08,71.08,0.00,expense,Kroger grocery run,Groceries,Groceries,needs,shopping_bag,#22C55E,Kroger,stores,Bank Accounts,account_balance,Chase Checking,USD,,,,,USD,split-receipt,receipt-202511-13,false
demo-us-000539,2025-11-13,-14.11,14.11,0.00,expense,Kroger household items,Shopping,Household Supplies,needs,shopping_cart,#F59E0B,Kroger,stores,Credit Cards,credit_card,Apple Card,USD,,,,,USD,split-receipt,receipt-202511-13,false
demo-us-000564,2025-11-13,-157.81,157.81,0.00,expense,Delta Dental,Health,Dental,needs,local_hospital,#EC4899,Delta Dental,healthcare,Bank Accounts,account_balance,Chase Checking,USD,,,,,USD,hsa-eligible,,false
demo-us-000528,2025-11-15,3250.00,0.00,3250.00,income,Payroll direct deposit,Income,Salary,,payments,#10B981,Northstar Software,companies,,,,,Bank Accounts,account_balance,Chase Checking,USD,USD,primary-income,,true
demo-us-000551,2025-11-15,-24.48,24.48,0.00,expense,DoorDash,Dining,Delivery,wants,restaurant,#EF4444,DoorDash,online_stores,Credit Cards,credit_card,Apple Card,USD,,,,,USD,convenience,,false
demo-us-000565,2025-11-15,-85.54,85.54,0.00,expense,One Medical,Health,Doctor Visit,needs,local_hospital,#EC4899,One Medical,healthcare,Bank Accounts,account_balance,Chase Checking,USD,,,,,USD,hsa-eligible,,false
demo-us-000567,2025-11-15,-487.30,487.30,0.00,expense,Flight or hotel booking,Travel,Rental Car,wants,flight,#06B6D4,Hertz,companies,Credit Cards,credit_card,Apple Card,USD,,,,,USD,thanksgiving-trip,,false
demo-us-000525,2025-11-16,-425.00,425.00,425.00,expense,Auto loan payment,Transportation,Auto Loan,needs,directions_car,#F97316,Capital One Auto Finance,companies,Bank Accounts,account_balance,Chase Checking,USD,Loans,directions_car,Capital One Auto Loan,USD,USD,fixed-cost,,true
demo-us-000540,2025-11-16,-81.44,81.44,0.00,expense,Kroger grocery run,Groceries,Groceries,needs,shopping_bag,#22C55E,Kroger,stores,Credit Cards,credit_card,Apple Card,USD,,,,,USD,weekly-errands,,false
demo-us-000547,2025-11-16,-35.58,35.58,0.00,expense,Starbucks,Dining,Coffee,wants,restaurant,#EF4444,Starbucks,cafes,Credit Cards,credit_card,Apple Card,USD,,,,,USD,workday,,false
demo-us-000554,2025-11-16,-45.73,45.73,0.00,expense,Sweetgreen,Dining,Lunch,wants,restaurant,#EF4444,Sweetgreen,cafes,Credit Cards,credit_card,Apple Card,USD,,,,,USD,workday,,false
demo-us-000561,2025-11-16,-121.96,121.96,0.00,expense,Amazon,Shopping,Household Supplies,needs,shopping_cart,#F59E0B,Amazon,online_stores,Credit Cards,credit_card,Apple Card,USD,,,,,USD,online-order,,false
demo-us-000526,2025-11-18,-600.00,600.00,600.00,expense,Roth IRA contribution,Savings & Investing,Retirement,savings,savings,#0EA5E9,Vanguard,investments,Bank Accounts,account_balance,Chase Checking,USD,Investments,account_balance,Vanguard Roth IRA,USD,USD,long-term-goals,,true
demo-us-000560,2025-11-18,-144.94,144.94,0.00,expense,Amazon,Shopping,Household Supplies,needs,shopping_cart,#F59E0B,Amazon,online_stores,Credit Cards,credit_card,Apple Card,USD,,,,,USD,online-order,,false
demo-us-000541,2025-11-19,-137.89,137.89,0.00,expense,Trader Joe's grocery run,Groceries,Groceries,needs,shopping_bag,#22C55E,Trader Joe's,stores,Credit Cards,credit_card,Apple Card,USD,,,,,USD,split-receipt,receipt-202511-19,false
demo-us-000542,2025-11-19,-34.88,34.88,0.00,expense,Trader Joe's household items,Shopping,Household Supplies,needs,shopping_cart,#F59E0B,Trader Joe's,stores,Credit Cards,credit_card,Apple Card,USD,,,,,USD,split-receipt,receipt-202511-19,false
demo-us-000527,2025-11-20,-250.00,250.00,250.00,expense,Brokerage contribution,Savings & Investing,Investments,savings,savings,#0EA5E9,Fidelity,investments,Bank Accounts,account_balance,Chase Checking,USD,Investments,trending_up,Fidelity Brokerage,USD,USD,long-term-goals,,true
demo-us-000550,2025-11-21,-40.51,40.51,0.00,expense,Sweetgreen,Dining,Lunch,wants,restaurant,#EF4444,Sweetgreen,cafes,Credit Cards,credit_card,Apple Card,USD,,,,,USD,workday,,false
demo-us-000562,2025-11-21,-106.50,106.50,0.00,expense,Target,Shopping,Household Supplies,needs,shopping_cart,#F59E0B,Target,stores,Bank Accounts,account_balance,Chase Checking,USD,,,,,USD,weekly-errands,,false
demo-us-000543,2025-11-22,-61.43,61.43,0.00,expense,Target grocery run,Groceries,Groceries,needs,shopping_bag,#22C55E,Target,stores,Bank Accounts,account_balance,Chase Checking,USD,,,,,USD,split-receipt,receipt-202511-22,false
demo-us-000544,2025-11-22,-28.52,28.52,0.00,expense,Target household items,Shopping,Household Supplies,needs,shopping_cart,#F59E0B,Target,stores,Credit Cards,credit_card,Apple Card,USD,,,,,USD,split-receipt,receipt-202511-22,false
demo-us-000557,2025-11-22,-68.49,68.49,0.00,expense,Gas station,Transportation,Gas,needs,directions_car,#F97316,Exxon,stores,Credit Cards,credit_card,Amex Blue Cash,USD,,,,,USD,commute,,false
demo-us-000566,2025-11-22,-103.06,103.06,0.00,expense,Kids activities and supplies,Family,Kids Activities,wants,family_restroom,#8B5CF6,City Parks,companies,Credit Cards,credit_card,Apple Card,USD,,,,,USD,after-school,,false
demo-us-000532,2025-11-23,0.00,1357.35,1357.35,transfer,Credit card payment,,,,,,,,Bank Accounts,account_balance,Chase Checking,USD,Credit Cards,credit_card,Apple Card,USD,USD,,,true
demo-us-000563,2025-11-24,-160.74,160.74,0.00,expense,Best Buy,Shopping,Electronics,wants,shopping_cart,#F59E0B,Best Buy,stores,Credit Cards,credit_card,Apple Card,USD,,,,,USD,home-office,,false
demo-us-000568,2025-11-24,-128.41,128.41,0.00,expense,Trip meals and activities,Travel,Travel Meals,wants,flight,#06B6D4,Airport Dining,companies,Credit Cards,credit_card,Apple Card,USD,,,,,USD,thanksgiving-trip,,false
demo-us-000530,2025-11-25,58.01,0.00,58.01,income,High-yield savings interest,Income,Interest,,payments,#10B981,Ally Bank,companies,,,,,Bank Accounts,savings,Ally High Yield Savings,USD,USD,passive-income,,true
demo-us-000545,2025-11-25,-68.85,68.85,0.00,expense,Trader Joe's grocery run,Groceries,Groceries,needs,shopping_bag,#22C55E,Trader Joe's,stores,Credit Cards,credit_card,Apple Card,USD,,,,,USD,weekly-errands,,false
demo-us-000569,2025-11-25,22.93,0.00,22.93,offset_income,Returned purchase credit,Shopping,Household Supplies,needs,shopping_cart,#F59E0B,Target,stores,,,,,Credit Cards,credit_card,Apple Card,USD,USD,return-credit,,false
demo-us-000556,2025-11-26,-52.73,52.73,0.00,expense,Gas station,Transportation,Gas,needs,directions_car,#F97316,Shell,stores,Credit Cards,credit_card,Amex Blue Cash,USD,,,,,USD,commute,,false
demo-us-000533,2025-11-27,0.00,761.11,761.11,transfer,Amex payment,,,,,,,,Bank Accounts,account_balance,Chase Checking,USD,Credit Cards,credit_card,Amex Blue Cash,USD,USD,,,true
demo-us-000546,2025-11-28,-60.10,60.10,0.00,expense,Whole Foods Market grocery run,Groceries,Groceries,needs,shopping_bag,#22C55E,Whole Foods Market,stores,Bank Accounts,account_balance,Chase Checking,USD,,,,,USD,weekly-errands,,false
demo-us-000529,2025-11-30,3250.00,0.00,3250.00,income,Payroll direct deposit,Income,Salary,,payments,#10B981,Northstar Software,companies,,,,,Bank Accounts,account_balance,Chase Checking,USD,USD,primary-income,,true
demo-us-000558,2025-11-30,-37.49,37.49,0.00,expense,Gas station,Transportation,Gas,needs,directions_car,#F97316,Shell,stores,Credit Cards,credit_card,Amex Blue Cash,USD,,,,,USD,commute,,false
demo-us-000570,2025-12-01,-2150.00,2150.00,0.00,expense,ACH rent payment - Riverside Apartments,Home,Rent,needs,home,#3B82F6,Riverside Apartments,companies,Bank Accounts,account_balance,Chase Checking,USD,,,,,USD,fixed-cost,,true
demo-us-000588,2025-12-02,-98.77,98.77,0.00,expense,Kroger grocery run,Groceries,Groceries,needs,shopping_bag,#22C55E,Kroger,stores,Bank Accounts,account_balance,Chase Checking,USD,,,,,USD,split-receipt,receipt-202512-2,false
demo-us-000589,2025-12-02,-29.71,29.71,0.00,expense,Kroger household items,Shopping,Household Supplies,needs,shopping_cart,#F59E0B,Kroger,stores,Credit Cards,credit_card,Apple Card,USD,,,,,USD,split-receipt,receipt-202512-2,false
demo-us-000571,2025-12-03,-185.64,185.64,0.00,expense,Health insurance premium,Health,Health Insurance,needs,local_hospital,#EC4899,Blue Cross Blue Shield,healthcare,Bank Accounts,account_balance,Chase Checking,USD,,,,,USD,fixed-cost,,true
demo-us-000613,2025-12-03,-22.50,22.50,0.00,expense,REI,Shopping,Clothing,wants,shopping_cart,#F59E0B,REI,stores,Credit Cards,credit_card,Apple Card,USD,,,,,USD,seasonal-refresh,,false
demo-us-000605,2025-12-04,-39.49,39.49,0.00,expense,Starbucks,Dining,Coffee,wants,restaurant,#EF4444,Starbucks,cafes,Credit Cards,credit_card,Apple Card,USD,,,,,USD,workday,,false
demo-us-000572,2025-12-05,-79.99,79.99,0.00,expense,Fiber internet,Home,Internet,needs,home,#3B82F6,Verizon Fios,companies,Bank Accounts,account_balance,Chase Checking,USD,,,,,USD,fixed-cost,,true
demo-us-000590,2025-12-05,-112.91,112.91,0.00,expense,Target grocery run,Groceries,Groceries,needs,shopping_bag,#22C55E,Target,stores,Bank Accounts,account_balance,Chase Checking,USD,,,,,USD,target-run,,false
demo-us-000573,2025-12-06,-62.50,62.50,0.00,expense,Mobile phone plan,Home,Phone,needs,home,#3B82F6,T-Mobile,companies,Credit Cards,credit_card,Apple Card,USD,,,,,USD,fixed-cost,,true
demo-us-000583,2025-12-07,0.00,650.00,650.00,transfer,Automatic savings transfer,,,,,,,,Bank Accounts,account_balance,Chase Checking,USD,Bank Accounts,savings,Ally High Yield Savings,USD,USD,,,true
demo-us-000574,2025-12-08,-110.51,110.51,0.00,expense,Electric utility bill,Home,Utilities,needs,home,#3B82F6,Con Edison,companies,Bank Accounts,account_balance,Chase Checking,USD,,,,,USD,fixed-cost,,true
demo-us-000591,2025-12-08,-112.81,112.81,0.00,expense,Kroger grocery run,Groceries,Groceries,needs,shopping_bag,#22C55E,Kroger,stores,Credit Cards,credit_card,Apple Card,USD,,,,,USD,weekly-errands,,false
demo-us-000619,2025-12-08,-29.23,29.23,0.00,expense,"Movies, events, or streaming",Lifestyle,Books,wants,local_activity,#A855F7,AMC Theatres,companies,Credit Cards,credit_card,Apple Card,USD,,,,,USD,family-night,,false
demo-us-000575,2025-12-10,-119.58,119.58,0.00,expense,Natural gas bill,Home,Utilities,needs,home,#3B82F6,National Grid,companies,Bank Accounts,account_balance,Chase Checking,USD,,,,,USD,fixed-cost;winter-peak,,true
demo-us-000609,2025-12-10,-47.49,47.49,0.00,expense,Gas station,Transportation,Gas,needs,directions_car,#F97316,Chevron,stores,Credit Cards,credit_card,Amex Blue Cash,USD,,,,,USD,commute,,false
demo-us-000612,2025-12-11,-107.85,107.85,0.00,expense,Target,Shopping,Household Supplies,needs,shopping_cart,#F59E0B,Target,stores,Credit Cards,credit_card,Apple Card,USD,,,,,USD,weekly-errands,,false
demo-us-000620,2025-12-11,-793.15,793.15,0.00,expense,Flight or hotel booking,Travel,Hotels,wants,flight,#06B6D4,Airbnb,companies,Credit Cards,credit_card,Apple Card,USD,,,,,USD,holiday-trip,,false
demo-us-000576,2025-12-12,-132.40,132.40,0.00,expense,Auto insurance,Transportation,Car Insurance,needs,directions_car,#F97316,GEICO,companies,Bank Accounts,account_balance,Chase Checking,USD,,,,,USD,fixed-cost,,true
demo-us-000592,2025-12-12,-90.58,90.58,0.00,expense,Whole Foods Market grocery run,Groceries,Groceries,needs,shopping_bag,#22C55E,Whole Foods Market,stores,Credit Cards,credit_card,Apple Card,USD,,,,,USD,weekly-errands,,false
demo-us-000602,2025-12-13,-34.34,34.34,0.00,expense,Starbucks,Dining,Coffee,wants,restaurant,#EF4444,Starbucks,cafes,Credit Cards,credit_card,Apple Card,USD,,,,,USD,workday,,false
demo-us-000607,2025-12-14,-51.98,51.98,0.00,expense,Gas station,Transportation,Gas,needs,directions_car,#F97316,Costco Gas,stores,Credit Cards,credit_card,Amex Blue Cash,USD,,,,,USD,commute,,false
demo-us-000608,2025-12-14,-71.60,71.60,0.00,expense,Gas station,Transportation,Gas,needs,directions_car,#F97316,Exxon,stores,Credit Cards,credit_card,Amex Blue Cash,USD,,,,,USD,commute,,false
demo-us-000580,2025-12-15,3250.00,0.00,3250.00,income,Payroll direct deposit,Income,Salary,,payments,#10B981,Northstar Software,companies,,,,,Bank Accounts,account_balance,Chase Checking,USD,USD,primary-income,,true
demo-us-000577,2025-12-16,-425.00,425.00,425.00,expense,Auto loan payment,Transportation,Auto Loan,needs,directions_car,#F97316,Capital One Auto Finance,companies,Bank Accounts,account_balance,Chase Checking,USD,Loans,directions_car,Capital One Auto Loan,USD,USD,fixed-cost,,true
demo-us-000593,2025-12-16,-121.43,121.43,0.00,expense,Trader Joe's grocery run,Groceries,Groceries,needs,shopping_bag,#22C55E,Trader Joe's,stores,Credit Cards,credit_card,Apple Card,USD,,,,,USD,weekly-errands,,false
demo-us-000618,2025-12-17,-80.81,80.81,0.00,expense,Kids activities and supplies,Family,Kids Activities,wants,family_restroom,#8B5CF6,YMCA,companies,Credit Cards,credit_card,Apple Card,USD,,,,,USD,after-school,,false
demo-us-000578,2025-12-18,-600.00,600.00,600.00,expense,Roth IRA contribution,Savings & Investing,Retirement,savings,savings,#0EA5E9,Vanguard,investments,Bank Accounts,account_balance,Chase Checking,USD,Investments,account_balance,Vanguard Roth IRA,USD,USD,long-term-goals,,true
demo-us-000586,2025-12-18,1621.62,0.00,1621.62,income,Freelance analytics project,Income,Freelance,,payments,#10B981,Cedar Studio,companies,,,,,Bank Accounts,account_balance,Chase Checking,USD,USD,client-work,,false
demo-us-000617,2025-12-18,-70.64,70.64,0.00,expense,CVS Pharmacy,Health,Medication,needs,local_hospital,#EC4899,CVS Pharmacy,healthcare,Bank Accounts,account_balance,Chase Checking,USD,,,,,USD,hsa-eligible,,false
demo-us-000601,2025-12-19,-24.47,24.47,0.00,expense,Starbucks,Dining,Coffee,wants,restaurant,#EF4444,Starbucks,cafes,Credit Cards,credit_card,Apple Card,USD,,,,,USD,workday,,false
demo-us-000604,2025-12-19,-20.07,20.07,0.00,expense,Chipotle,Dining,Lunch,wants,restaurant,#EF4444,Chipotle,cafes,Credit Cards,credit_card,Apple Card,USD,,,,,USD,workday,,false
demo-us-000606,2025-12-19,-90.34,90.34,0.00,expense,Neighborhood Pizza,Dining,Restaurants,wants,restaurant,#EF4444,Neighborhood Pizza,cafes,Credit Cards,credit_card,Apple Card,USD,,,,,USD,family-night,,false
demo-us-000622,2025-12-19,-759.18,759.18,0.00,expense,Holiday gifts,Shopping,Gifts,wants,shopping_cart,#F59E0B,Amazon,online_stores,Credit Cards,credit_card,Apple Card,USD,,,,,USD,holiday-season,,false
demo-us-000579,2025-12-20,-250.00,250.00,250.00,expense,Brokerage contribution,Savings & Investing,Investments,savings,savings,#0EA5E9,Fidelity,investments,Bank Accounts,account_balance,Chase Checking,USD,Investments,trending_up,Fidelity Brokerage,USD,USD,long-term-goals,,true
demo-us-000594,2025-12-20,-114.70,114.70,0.00,expense,Trader Joe's grocery run,Groceries,Groceries,needs,shopping_bag,#22C55E,Trader Joe's,stores,Credit Cards,credit_card,Apple Card,USD,,,,,USD,weekly-errands,,false
demo-us-000587,2025-12-21,222.60,0.00,222.60,income,Dividend reinvestment,Income,Dividends,,payments,#10B981,Fidelity,investments,,,,,Investments,trending_up,Fidelity Brokerage,USD,USD,passive-income,,false
demo-us-000614,2025-12-22,-82.45,82.45,0.00,expense,Amazon,Shopping,Household Supplies,needs,shopping_cart,#F59E0B,Amazon,online_stores,Credit Cards,credit_card,Apple Card,USD,,,,,USD,online-order,,false
demo-us-000584,2025-12-23,0.00,1668.93,1668.93,transfer,Credit card payment,,,,,,,,Bank Accounts,account_balance,Chase Checking,USD,Credit Cards,credit_card,Apple Card,USD,USD,,,true
demo-us-000611,2025-12-23,-47.55,47.55,0.00,expense,Gas station,Transportation,Gas,needs,directions_car,#F97316,Chevron,stores,Credit Cards,credit_card,Amex Blue Cash,USD,,,,,USD,commute,,false
demo-us-000615,2025-12-23,-139.12,139.12,0.00,expense,Target,Shopping,Household Supplies,needs,shopping_cart,#F59E0B,Target,stores,Credit Cards,credit_card,Apple Card,USD,,,,,USD,weekly-errands,,false
demo-us-000595,2025-12-24,-115.20,115.20,0.00,expense,Trader Joe's grocery run,Groceries,Groceries,needs,shopping_bag,#22C55E,Trader Joe's,stores,Credit Cards,credit_card,Apple Card,USD,,,,,USD,split-receipt,receipt-202512-24,false
demo-us-000596,2025-12-24,-34.99,34.99,0.00,expense,Trader Joe's household items,Shopping,Household Supplies,needs,shopping_cart,#F59E0B,Trader Joe's,stores,Credit Cards,credit_card,Apple Card,USD,,,,,USD,split-receipt,receipt-202512-24,false
demo-us-000603,2025-12-24,-30.07,30.07,0.00,expense,DoorDash,Dining,Delivery,wants,restaurant,#EF4444,DoorDash,online_stores,Credit Cards,credit_card,Apple Card,USD,,,,,USD,convenience,,false
demo-us-000616,2025-12-24,-30.33,30.33,0.00,expense,Walgreens,Health,Medication,needs,local_hospital,#EC4899,Walgreens,healthcare,Bank Accounts,account_balance,Chase Checking,USD,,,,,USD,hsa-eligible,,false
demo-us-000621,2025-12-24,-73.41,73.41,0.00,expense,Trip meals and activities,Travel,Travel Meals,wants,flight,#06B6D4,Museum Tickets,companies,Credit Cards,credit_card,Apple Card,USD,,,,,USD,holiday-trip,,false
demo-us-000582,2025-12-25,62.87,0.00,62.87,income,High-yield savings interest,Income,Interest,,payments,#10B981,Ally Bank,companies,,,,,Bank Accounts,savings,Ally High Yield Savings,USD,USD,passive-income,,true
demo-us-000585,2025-12-27,0.00,841.21,841.21,transfer,Amex payment,,,,,,,,Bank Accounts,account_balance,Chase Checking,USD,Credit Cards,credit_card,Amex Blue Cash,USD,USD,,,true
demo-us-000597,2025-12-27,-117.68,117.68,0.00,expense,Costco grocery run,Groceries,Groceries,needs,shopping_bag,#22C55E,Costco,stores,Credit Cards,credit_card,Apple Card,USD,,,,,USD,bulk-stockup,,false
demo-us-000610,2025-12-28,-42.50,42.50,0.00,expense,Gas station,Transportation,Gas,needs,directions_car,#F97316,Exxon,stores,Credit Cards,credit_card,Amex Blue Cash,USD,,,,,USD,commute,,false
demo-us-000600,2025-12-29,-38.75,38.75,0.00,expense,Sweetgreen,Dining,Lunch,wants,restaurant,#EF4444,Sweetgreen,cafes,Credit Cards,credit_card,Apple Card,USD,,,,,USD,workday,,false
demo-us-000581,2025-12-31,3250.00,0.00,3250.00,income,Payroll direct deposit,Income,Salary,,payments,#10B981,Northstar Software,companies,,,,,Bank Accounts,account_balance,Chase Checking,USD,USD,primary-income,,true
demo-us-000598,2025-12-31,-116.80,116.80,0.00,expense,Target grocery run,Groceries,Groceries,needs,shopping_bag,#22C55E,Target,stores,Bank Accounts,account_balance,Chase Checking,USD,,,,,USD,target-run,,false
demo-us-000599,2025-12-31,-19.15,19.15,0.00,expense,Sweetgreen,Dining,Lunch,wants,restaurant,#EF4444,Sweetgreen,cafes,Credit Cards,credit_card,Apple Card,USD,,,,,USD,workday,,false
demo-us-000623,2026-01-01,-2245.00,2245.00,0.00,expense,ACH rent payment - Riverside Apartments,Home,Rent,needs,home,#3B82F6,Riverside Apartments,companies,Bank Accounts,account_balance,Chase Checking,USD,,,,,USD,fixed-cost,,true
demo-us-000653,2026-01-01,-33.05,33.05,0.00,expense,Sweetgreen,Dining,Lunch,wants,restaurant,#EF4444,Sweetgreen,cafes,Credit Cards,credit_card,Apple Card,USD,,,,,USD,workday,,false
demo-us-000639,2026-01-02,-220.06,220.06,0.00,expense,Costco grocery run,Groceries,Groceries,needs,shopping_bag,#22C55E,Costco,stores,Bank Accounts,account_balance,Chase Checking,USD,,,,,USD,bulk-stockup,,false
demo-us-000624,2026-01-03,-185.64,185.64,0.00,expense,Health insurance premium,Health,Health Insurance,needs,local_hospital,#EC4899,Blue Cross Blue Shield,healthcare,Bank Accounts,account_balance,Chase Checking,USD,,,,,USD,fixed-cost,,true
demo-us-000650,2026-01-04,-62.41,62.41,0.00,expense,Local Thai Kitchen,Dining,Restaurants,wants,restaurant,#EF4444,Local Thai Kitchen,cafes,Credit Cards,credit_card,Apple Card,USD,,,,,USD,date-night,,false
demo-us-000651,2026-01-04,-29.73,29.73,0.00,expense,DoorDash,Dining,Delivery,wants,restaurant,#EF4444,DoorDash,online_stores,Credit Cards,credit_card,Apple Card,USD,,,,,USD,convenience,,false
demo-us-000625,2026-01-05,-79.99,79.99,0.00,expense,Fiber internet,Home,Internet,needs,home,#3B82F6,Verizon Fios,companies,Bank Accounts,account_balance,Chase Checking,USD,,,,,USD,fixed-cost,,true
demo-us-000640,2026-01-05,-98.17,98.17,0.00,expense,Whole Foods Market grocery run,Groceries,Groceries,needs,shopping_bag,#22C55E,Whole Foods Market,stores,Bank Accounts,account_balance,Chase Checking,USD,,,,,USD,weekly-errands,,false
demo-us-000626,2026-01-06,-62.50,62.50,0.00,expense,Mobile phone plan,Home,Phone,needs,home,#3B82F6,T-Mobile,companies,Credit Cards,credit_card,Apple Card,USD,,,,,USD,fixed-cost,,true
demo-us-000636,2026-01-07,0.00,650.00,650.00,transfer,Automatic savings transfer,,,,,,,,Bank Accounts,account_balance,Chase Checking,USD,Bank Accounts,savings,Ally High Yield Savings,USD,USD,,,true
demo-us-000627,2026-01-08,-97.61,97.61,0.00,expense,Electric utility bill,Home,Utilities,needs,home,#3B82F6,Con Edison,companies,Bank Accounts,account_balance,Chase Checking,USD,,,,,USD,fixed-cost,,true
demo-us-000641,2026-01-08,-141.54,141.54,0.00,expense,Trader Joe's grocery run,Groceries,Groceries,needs,shopping_bag,#22C55E,Trader Joe's,stores,Credit Cards,credit_card,Apple Card,USD,,,,,USD,weekly-errands,,false
demo-us-000628,2026-01-10,-140.67,140.67,0.00,expense,Natural gas bill,Home,Utilities,needs,home,#3B82F6,National Grid,companies,Bank Accounts,account_balance,Chase Checking,USD,,,,,USD,fixed-cost;winter-peak,,true
demo-us-000664,2026-01-11,-83.70,83.70,0.00,expense,Target,Shopping,Household Supplies,needs,shopping_cart,#F59E0B,Target,stores,Credit Cards,credit_card,Apple Card,USD,,,,,USD,weekly-errands,,false
demo-us-000629,2026-01-12,-132.40,132.40,0.00,expense,Auto insurance,Transportation,Car Insurance,needs,directions_car,#F97316,GEICO,companies,Bank Accounts,account_balance,Chase Checking,USD,,,,,USD,fixed-cost,,true
demo-us-000642,2026-01-12,-135.61,135.61,0.00,expense,Whole Foods Market grocery run,Groceries,Groceries,needs,shopping_bag,#22C55E,Whole Foods Market,stores,Credit Cards,credit_card,Apple Card,USD,,,,,USD,weekly-errands,,false
demo-us-000633,2026-01-15,3360.00,0.00,3360.00,income,Payroll direct deposit,Income,Salary,,payments,#10B981,Northstar Software,companies,,,,,Bank Accounts,account_balance,Chase Checking,USD,USD,primary-income,,true
demo-us-000667,2026-01-15,-91.07,91.07,0.00,expense,Delta Dental,Health,Dental,needs,local_hospital,#EC4899,Delta Dental,healthcare,Bank Accounts,account_balance,Chase Checking,USD,,,,,USD,hsa-eligible,,false
demo-us-000630,2026-01-16,-425.00,425.00,425.00,expense,Auto loan payment,Transportation,Auto Loan,needs,directions_car,#F97316,Capital One Auto Finance,companies,Bank Accounts,account_balance,Chase Checking,USD,Loans,directions_car,Capital One Auto Loan,USD,USD,fixed-cost,,true
demo-us-000643,2026-01-16,-74.91,74.91,0.00,expense,Whole Foods Market grocery run,Groceries,Groceries,needs,shopping_bag,#22C55E,Whole Foods Market,stores,Credit Cards,credit_card,Apple Card,USD,,,,,USD,weekly-errands,,false
demo-us-000665,2026-01-16,-72.05,72.05,0.00,expense,Amazon,Shopping,Household Supplies,needs,shopping_cart,#F59E0B,Amazon,online_stores,Credit Cards,credit_card,Apple Card,USD,,,,,USD,online-order,,false
demo-us-000631,2026-01-18,-600.00,600.00,600.00,expense,Roth IRA contribution,Savings & Investing,Retirement,savings,savings,#0EA5E9,Vanguard,investments,Bank Accounts,account_balance,Chase Checking,USD,Investments,account_balance,Vanguard Roth IRA,USD,USD,long-term-goals,,true
demo-us-000658,2026-01-18,-37.82,37.82,0.00,expense,Gas station,Transportation,Gas,needs,directions_car,#F97316,Chevron,stores,Bank Accounts,account_balance,Chase Checking,USD,,,,,USD,commute,,false
demo-us-000644,2026-01-19,-107.26,107.26,0.00,expense,Costco grocery run,Groceries,Groceries,needs,shopping_bag,#22C55E,Costco,stores,Credit Cards,credit_card,Apple Card,USD,,,,,USD,bulk-stockup,,false
demo-us-000670,2026-01-19,-125.42,125.42,0.00,expense,"Movies, events, or streaming",Lifestyle,Books,wants,local_activity,#A855F7,Netflix,companies,Credit Cards,credit_card,Apple Card,USD,,,,,USD,subscription,,false
demo-us-000632,2026-01-20,-250.00,250.00,250.00,expense,Brokerage contribution,Savings & Investing,Investments,savings,savings,#0EA5E9,Fidelity,investments,Bank Accounts,account_balance,Chase Checking,USD,Investments,trending_up,Fidelity Brokerage,USD,USD,long-term-goals,,true
demo-us-000668,2026-01-20,-83.40,83.40,0.00,expense,CVS Pharmacy,Health,Medication,needs,local_hospital,#EC4899,CVS Pharmacy,healthcare,Bank Accounts,account_balance,Chase Checking,USD,,,,,USD,hsa-eligible,,false
demo-us-000660,2026-01-21,-61.71,61.71,0.00,expense,Gas station,Transportation,Gas,needs,directions_car,#F97316,Chevron,stores,Credit Cards,credit_card,Amex Blue Cash,USD,,,,,USD,commute,,false
demo-us-000652,2026-01-22,-30.30,30.30,0.00,expense,DoorDash,Dining,Delivery,wants,restaurant,#EF4444,DoorDash,online_stores,Credit Cards,credit_card,Apple Card,USD,,,,,USD,convenience,,false
demo-us-000669,2026-01-22,-148.44,148.44,0.00,expense,Kids activities and supplies,Family,Kids Activities,wants,family_restroom,#8B5CF6,Soccer Club,companies,Credit Cards,credit_card,Apple Card,USD,,,,,USD,after-school,,false
demo-us-000637,2026-01-23,0.00,1946.27,1946.27,transfer,Credit card payment,,,,,,,,Bank Accounts,account_balance,Chase Checking,USD,Credit Cards,credit_card,Apple Card,USD,USD,,,true
demo-us-000645,2026-01-23,-205.37,205.37,0.00,expense,Costco grocery run,Groceries,Groceries,needs,shopping_bag,#22C55E,Costco,stores,Bank Accounts,account_balance,Chase Checking,USD,,,,,USD,split-receipt,receipt-202601-23,false
demo-us-000646,2026-01-23,-43.93,43.93,0.00,expense,Costco household items,Shopping,Household Supplies,needs,shopping_cart,#F59E0B,Costco,stores,Credit Cards,credit_card,Apple Card,USD,,,,,USD,split-receipt,receipt-202601-23,false
demo-us-000656,2026-01-23,-29.72,29.72,0.00,expense,Sweetgreen,Dining,Lunch,wants,restaurant,#EF4444,Sweetgreen,cafes,Credit Cards,credit_card,Apple Card,USD,,,,,USD,workday,,false
demo-us-000661,2026-01-24,-71.72,71.72,0.00,expense,Gas station,Transportation,Gas,needs,directions_car,#F97316,Exxon,stores,Bank Accounts,account_balance,Chase Checking,USD,,,,,USD,commute,,false
demo-us-000671,2026-01-24,-82.22,82.22,0.00,expense,Charitable donation,Giving,Donations,wants,volunteer_activism,#14B8A6,Feeding America,charity,Bank Accounts,account_balance,Chase Checking,USD,,,,,USD,community,,false
demo-us-000635,2026-01-25,60.27,0.00,60.27,income,High-yield savings interest,Income,Interest,,payments,#10B981,Ally Bank,companies,,,,,Bank Accounts,savings,Ally High Yield Savings,USD,USD,passive-income,,true
demo-us-000647,2026-01-26,-63.65,63.65,0.00,expense,Whole Foods Market grocery run,Groceries,Groceries,needs,shopping_bag,#22C55E,Whole Foods Market,stores,Credit Cards,credit_card,Apple Card,USD,,,,,USD,split-receipt,receipt-202601-26,false
demo-us-000648,2026-01-26,-18.38,18.38,0.00,expense,Whole Foods Market household items,Shopping,Household Supplies,needs,shopping_cart,#F59E0B,Whole Foods Market,stores,Credit Cards,credit_card,Apple Card,USD,,,,,USD,split-receipt,receipt-202601-26,false
demo-us-000638,2026-01-27,0.00,856.32,856.32,transfer,Amex payment,,,,,,,,Bank Accounts,account_balance,Chase Checking,USD,Credit Cards,credit_card,Amex Blue Cash,USD,USD,,,true
demo-us-000654,2026-01-27,-22.56,22.56,0.00,expense,Sweetgreen,Dining,Lunch,wants,restaurant,#EF4444,Sweetgreen,cafes,Credit Cards,credit_card,Apple Card,USD,,,,,USD,workday,,false
demo-us-000662,2026-01-27,-50.79,50.79,0.00,expense,Gas station,Transportation,Gas,needs,directions_car,#F97316,Exxon,stores,Bank Accounts,account_balance,Chase Checking,USD,,,,,USD,commute,,false
demo-us-000657,2026-01-29,-82.67,82.67,0.00,expense,Local Thai Kitchen,Dining,Restaurants,wants,restaurant,#EF4444,Local Thai Kitchen,cafes,Credit Cards,credit_card,Apple Card,USD,,,,,USD,date-night,,false
demo-us-000663,2026-01-29,-132.30,132.30,0.00,expense,REI,Shopping,Clothing,wants,shopping_cart,#F59E0B,REI,stores,Credit Cards,credit_card,Apple Card,USD,,,,,USD,seasonal-refresh,,false
demo-us-000649,2026-01-30,-138.23,138.23,0.00,expense,Kroger grocery run,Groceries,Groceries,needs,shopping_bag,#22C55E,Kroger,stores,Bank Accounts,account_balance,Chase Checking,USD,,,,,USD,weekly-errands,,false
demo-us-000634,2026-01-31,3360.00,0.00,3360.00,income,Payroll direct deposit,Income,Salary,,payments,#10B981,Northstar Software,companies,,,,,Bank Accounts,account_balance,Chase Checking,USD,USD,primary-income,,true
demo-us-000655,2026-01-31,-44.48,44.48,0.00,expense,Local Thai Kitchen,Dining,Restaurants,wants,restaurant,#EF4444,Local Thai Kitchen,cafes,Credit Cards,credit_card,Apple Card,USD,,,,,USD,date-night,,false
demo-us-000659,2026-01-31,-38.22,38.22,0.00,expense,Gas station,Transportation,Gas,needs,directions_car,#F97316,Costco Gas,stores,Credit Cards,credit_card,Amex Blue Cash,USD,,,,,USD,commute,,false
demo-us-000666,2026-01-31,-81.81,81.81,0.00,expense,Amazon,Shopping,Household Supplies,needs,shopping_cart,#F59E0B,Amazon,online_stores,Credit Cards,credit_card,Apple Card,USD,,,,,USD,online-order,,false
demo-us-000672,2026-02-01,-2245.00,2245.00,0.00,expense,ACH rent payment - Riverside Apartments,Home,Rent,needs,home,#3B82F6,Riverside Apartments,companies,Bank Accounts,account_balance,Chase Checking,USD,,,,,USD,fixed-cost,,true
demo-us-000688,2026-02-02,-121.68,121.68,0.00,expense,Whole Foods Market grocery run,Groceries,Groceries,needs,shopping_bag,#22C55E,Whole Foods Market,stores,Credit Cards,credit_card,Apple Card,USD,,,,,USD,weekly-errands,,false
demo-us-000673,2026-02-03,-185.64,185.64,0.00,expense,Health insurance premium,Health,Health Insurance,needs,local_hospital,#EC4899,Blue Cross Blue Shield,healthcare,Bank Accounts,account_balance,Chase Checking,USD,,,,,USD,fixed-cost,,true
demo-us-000700,2026-02-04,-18.34,18.34,0.00,expense,DoorDash,Dining,Delivery,wants,restaurant,#EF4444,DoorDash,online_stores,Credit Cards,credit_card,Apple Card,USD,,,,,USD,convenience,,false
demo-us-000701,2026-02-04,-55.60,55.60,0.00,expense,Neighborhood Pizza,Dining,Restaurants,wants,restaurant,#EF4444,Neighborhood Pizza,cafes,Credit Cards,credit_card,Apple Card,USD,,,,,USD,family-night,,false
demo-us-000674,2026-02-05,-79.99,79.99,0.00,expense,Fiber internet,Home,Internet,needs,home,#3B82F6,Verizon Fios,companies,Bank Accounts,account_balance,Chase Checking,USD,,,,,USD,fixed-cost,,true
demo-us-000689,2026-02-05,-93.22,93.22,0.00,expense,Costco grocery run,Groceries,Groceries,needs,shopping_bag,#22C55E,Costco,stores,Bank Accounts,account_balance,Chase Checking,USD,,,,,USD,bulk-stockup,,false
demo-us-000703,2026-02-05,-28.87,28.87,0.00,expense,Chipotle,Dining,Lunch,wants,restaurant,#EF4444,Chipotle,cafes,Credit Cards,credit_card,Apple Card,USD,,,,,USD,workday,,false
demo-us-000675,2026-02-06,-62.50,62.50,0.00,expense,Mobile phone plan,Home,Phone,needs,home,#3B82F6,T-Mobile,companies,Credit Cards,credit_card,Apple Card,USD,,,,,USD,fixed-cost,,true
demo-us-000685,2026-02-07,0.00,650.00,650.00,transfer,Automatic savings transfer,,,,,,,,Bank Accounts,account_balance,Chase Checking,USD,Bank Accounts,savings,Ally High Yield Savings,USD,USD,,,true
demo-us-000676,2026-02-08,-107.49,107.49,0.00,expense,Electric utility bill,Home,Utilities,needs,home,#3B82F6,Con Edison,companies,Bank Accounts,account_balance,Chase Checking,USD,,,,,USD,fixed-cost,,true
demo-us-000699,2026-02-08,-40.36,40.36,0.00,expense,DoorDash,Dining,Delivery,wants,restaurant,#EF4444,DoorDash,online_stores,Credit Cards,credit_card,Apple Card,USD,,,,,USD,convenience,,false
demo-us-000690,2026-02-09,-150.36,150.36,0.00,expense,Whole Foods Market grocery run,Groceries,Groceries,needs,shopping_bag,#22C55E,Whole Foods Market,stores,Credit Cards,credit_card,Apple Card,USD,,,,,USD,weekly-errands,,false
demo-us-000677,2026-02-10,-145.94,145.94,0.00,expense,Natural gas bill,Home,Utilities,needs,home,#3B82F6,National Grid,companies,Bank Accounts,account_balance,Chase Checking,USD,,,,,USD,fixed-cost;winter-peak,,true
demo-us-000714,2026-02-11,-52.53,52.53,0.00,expense,CVS Pharmacy,Health,Medication,needs,local_hospital,#EC4899,CVS Pharmacy,healthcare,Bank Accounts,account_balance,Chase Checking,USD,,,,,USD,hsa-eligible,,false
demo-us-000678,2026-02-12,-132.40,132.40,0.00,expense,Auto insurance,Transportation,Car Insurance,needs,directions_car,#F97316,GEICO,companies,Bank Accounts,account_balance,Chase Checking,USD,,,,,USD,fixed-cost,,true
demo-us-000691,2026-02-12,-129.92,129.92,0.00,expense,Whole Foods Market grocery run,Groceries,Groceries,needs,shopping_bag,#22C55E,Whole Foods Market,stores,Credit Cards,credit_card,Apple Card,USD,,,,,USD,split-receipt,receipt-202602-12,false
demo-us-000692,2026-02-12,-20.09,20.09,0.00,expense,Whole Foods Market household items,Shopping,Household Supplies,needs,shopping_cart,#F59E0B,Whole Foods Market,stores,Credit Cards,credit_card,Apple Card,USD,,,,,USD,split-receipt,receipt-202602-12,false
demo-us-000720,2026-02-13,-437.06,437.06,0.00,expense,Weekend cabin deposit,Travel,Hotels,wants,flight,#06B6D4,Airbnb,companies,Credit Cards,credit_card,Apple Card,USD,,,,,USD,long-weekend,,false
demo-us-000698,2026-02-14,-17.34,17.34,0.00,expense,DoorDash,Dining,Delivery,wants,restaurant,#EF4444,DoorDash,online_stores,Credit Cards,credit_card,Apple Card,USD,,,,,USD,convenience,,false
demo-us-000682,2026-02-15,3360.00,0.00,3360.00,income,Payroll direct deposit,Income,Salary,,payments,#10B981,Northstar Software,companies,,,,,Bank Accounts,account_balance,Chase Checking,USD,USD,primary-income,,true
demo-us-000716,2026-02-15,-78.70,78.70,0.00,expense,Kids activities and supplies,Family,Kids Activities,wants,family_restroom,#8B5CF6,YMCA,companies,Credit Cards,credit_card,Apple Card,USD,,,,,USD,after-school,,false
demo-us-000679,2026-02-16,-425.00,425.00,425.00,expense,Auto loan payment,Transportation,Auto Loan,needs,directions_car,#F97316,Capital One Auto Finance,companies,Bank Accounts,account_balance,Chase Checking,USD,Loans,directions_car,Capital One Auto Loan,USD,USD,fixed-cost,,true
demo-us-000693,2026-02-16,-100.30,100.30,0.00,expense,Target grocery run,Groceries,Groceries,needs,shopping_bag,#22C55E,Target,stores,Credit Cards,credit_card,Apple Card,USD,,,,,USD,target-run,,false
demo-us-000709,2026-02-16,-53.92,53.92,0.00,expense,Gas station,Transportation,Gas,needs,directions_car,#F97316,Costco Gas,stores,Credit Cards,credit_card,Amex Blue Cash,USD,,,,,USD,commute,,false
demo-us-000713,2026-02-16,-37.60,37.60,0.00,expense,Home Depot,Shopping,Home Improvement,wants,shopping_cart,#F59E0B,Home Depot,stores,Credit Cards,credit_card,Apple Card,USD,,,,,USD,apartment-upkeep,,false
demo-us-000680,2026-02-18,-600.00,600.00,600.00,expense,Roth IRA contribution,Savings & Investing,Retirement,savings,savings,#0EA5E9,Vanguard,investments,Bank Accounts,account_balance,Chase Checking,USD,Investments,account_balance,Vanguard Roth IRA,USD,USD,long-term-goals,,true
demo-us-000707,2026-02-18,-60.67,60.67,0.00,expense,Gas station,Transportation,Gas,needs,directions_car,#F97316,Costco Gas,stores,Credit Cards,credit_card,Amex Blue Cash,USD,,,,,USD,commute,,false
demo-us-000694,2026-02-19,-159.81,159.81,0.00,expense,Target grocery run,Groceries,Groceries,needs,shopping_bag,#22C55E,Target,stores,Credit Cards,credit_card,Apple Card,USD,,,,,USD,target-run,,false
demo-us-000681,2026-02-20,-250.00,250.00,250.00,expense,Brokerage contribution,Savings & Investing,Investments,savings,savings,#0EA5E9,Fidelity,investments,Bank Accounts,account_balance,Chase Checking,USD,Investments,trending_up,Fidelity Brokerage,USD,USD,long-term-goals,,true
demo-us-000710,2026-02-20,-261.07,261.07,0.00,expense,Best Buy,Shopping,Electronics,wants,shopping_cart,#F59E0B,Best Buy,stores,Credit Cards,credit_card,Apple Card,USD,,,,,USD,home-office,,false
demo-us-000702,2026-02-21,-87.83,87.83,0.00,expense,Local Thai Kitchen,Dining,Restaurants,wants,restaurant,#EF4444,Local Thai Kitchen,cafes,Credit Cards,credit_card,Apple Card,USD,,,,,USD,date-night,,false
demo-us-000695,2026-02-22,-92.17,92.17,0.00,expense,Trader Joe's grocery run,Groceries,Groceries,needs,shopping_bag,#22C55E,Trader Joe's,stores,Credit Cards,credit_card,Apple Card,USD,,,,,USD,weekly-errands,,false
demo-us-000686,2026-02-23,0.00,2272.52,2272.52,transfer,Credit card payment,,,,,,,,Bank Accounts,account_balance,Chase Checking,USD,Credit Cards,credit_card,Apple Card,USD,USD,,,true
demo-us-000705,2026-02-23,-43.45,43.45,0.00,expense,Gas station,Transportation,Gas,needs,directions_car,#F97316,Costco Gas,stores,Credit Cards,credit_card,Amex Blue Cash,USD,,,,,USD,commute,,false
demo-us-000706,2026-02-23,-42.07,42.07,0.00,expense,Gas station,Transportation,Gas,needs,directions_car,#F97316,Chevron,stores,Credit Cards,credit_card,Amex Blue Cash,USD,,,,,USD,commute,,false
demo-us-000708,2026-02-23,-71.23,71.23,0.00,expense,Gas station,Transportation,Gas,needs,directions_car,#F97316,Shell,stores,Credit Cards,credit_card,Amex Blue Cash,USD,,,,,USD,commute,,false
demo-us-000717,2026-02-23,-113.12,113.12,0.00,expense,"Movies, events, or streaming",Lifestyle,Movies,wants,local_activity,#A855F7,Ticketmaster,companies,Credit Cards,credit_card,Apple Card,USD,,,,,USD,event-night,,false
demo-us-000684,2026-02-25,37.09,0.00,37.09,income,High-yield savings interest,Income,Interest,,payments,#10B981,Ally Bank,companies,,,,,Bank Accounts,savings,Ally High Yield Savings,USD,USD,passive-income,,true
demo-us-000715,2026-02-25,-129.75,129.75,0.00,expense,Delta Dental,Health,Dental,needs,local_hospital,#EC4899,Delta Dental,healthcare,Bank Accounts,account_balance,Chase Checking,USD,,,,,USD,hsa-eligible,,false
demo-us-000718,2026-02-25,-92.69,92.69,0.00,expense,Charitable donation,Giving,Donations,wants,volunteer_activism,#14B8A6,Red Cross,charity,Bank Accounts,account_balance,Chase Checking,USD,,,,,USD,community,,false
demo-us-000719,2026-02-25,28.98,0.00,28.98,offset_income,Returned purchase credit,Shopping,Household Supplies,needs,shopping_cart,#F59E0B,Target,stores,,,,,Credit Cards,credit_card,Apple Card,USD,USD,return-credit,,false
demo-us-000696,2026-02-26,-125.74,125.74,0.00,expense,Trader Joe's grocery run,Groceries,Groceries,needs,shopping_bag,#22C55E,Trader Joe's,stores,Credit Cards,credit_card,Apple Card,USD,,,,,USD,weekly-errands,,false
demo-us-000711,2026-02-26,-140.48,140.48,0.00,expense,Target,Shopping,Household Supplies,needs,shopping_cart,#F59E0B,Target,stores,Credit Cards,credit_card,Apple Card,USD,,,,,USD,weekly-errands,,false
demo-us-000712,2026-02-26,-69.50,69.50,0.00,expense,Amazon,Shopping,Household Supplies,needs,shopping_cart,#F59E0B,Amazon,online_stores,Bank Accounts,account_balance,Chase Checking,USD,,,,,USD,online-order,,false
demo-us-000687,2026-02-27,0.00,682.25,682.25,transfer,Amex payment,,,,,,,,Bank Accounts,account_balance,Chase Checking,USD,Credit Cards,credit_card,Amex Blue Cash,USD,USD,,,true
demo-us-000697,2026-02-27,-59.40,59.40,0.00,expense,Neighborhood Pizza,Dining,Restaurants,wants,restaurant,#EF4444,Neighborhood Pizza,cafes,Credit Cards,credit_card,Apple Card,USD,,,,,USD,family-night,,false
demo-us-000704,2026-02-27,-86.96,86.96,0.00,expense,Neighborhood Pizza,Dining,Restaurants,wants,restaurant,#EF4444,Neighborhood Pizza,cafes,Credit Cards,credit_card,Apple Card,USD,,,,,USD,family-night,,false
demo-us-000683,2026-02-28,3360.00,0.00,3360.00,income,Payroll direct deposit,Income,Salary,,payments,#10B981,Northstar Software,companies,,,,,Bank Accounts,account_balance,Chase Checking,USD,USD,primary-income,,true
demo-us-000721,2026-03-01,-2245.00,2245.00,0.00,expense,ACH rent payment - Riverside Apartments,Home,Rent,needs,home,#3B82F6,Riverside Apartments,companies,Bank Accounts,account_balance,Chase Checking,USD,,,,,USD,fixed-cost,,true
demo-us-000760,2026-03-01,-38.27,38.27,0.00,expense,Chipotle,Dining,Lunch,wants,restaurant,#EF4444,Chipotle,cafes,Credit Cards,credit_card,Apple Card,USD,,,,,USD,workday,,false
demo-us-000739,2026-03-02,-151.44,151.44,0.00,expense,Whole Foods Market grocery run,Groceries,Groceries,needs,shopping_bag,#22C55E,Whole Foods Market,stores,Bank Accounts,account_balance,Chase Checking,USD,,,,,USD,split-receipt,receipt-202603-2,false
demo-us-000740,2026-03-02,-38.17,38.17,0.00,expense,Whole Foods Market household items,Shopping,Household Supplies,needs,shopping_cart,#F59E0B,Whole Foods Market,stores,Credit Cards,credit_card,Apple Card,USD,,,,,USD,split-receipt,receipt-202603-2,false
demo-us-000722,2026-03-03,-185.64,185.64,0.00,expense,Health insurance premium,Health,Health Insurance,needs,local_hospital,#EC4899,Blue Cross Blue Shield,healthcare,Bank Accounts,account_balance,Chase Checking,USD,,,,,USD,fixed-cost,,true
demo-us-000753,2026-03-03,-63.71,63.71,0.00,expense,Neighborhood Pizza,Dining,Restaurants,wants,restaurant,#EF4444,Neighborhood Pizza,cafes,Credit Cards,credit_card,Apple Card,USD,,,,,USD,family-night,,false
demo-us-000765,2026-03-03,-63.24,63.24,0.00,expense,Gas station,Transportation,Gas,needs,directions_car,#F97316,Costco Gas,stores,Credit Cards,credit_card,Amex Blue Cash,USD,,,,,USD,commute,,false
demo-us-000766,2026-03-03,-73.32,73.32,0.00,expense,Amazon,Shopping,Household Supplies,needs,shopping_cart,#F59E0B,Amazon,online_stores,Bank Accounts,account_balance,Chase Checking,USD,,,,,USD,online-order,,false
demo-us-000723,2026-03-05,-79.99,79.99,0.00,expense,Fiber internet,Home,Internet,needs,home,#3B82F6,Verizon Fios,companies,Bank Accounts,account_balance,Chase Checking,USD,,,,,USD,fixed-cost,,true
demo-us-000741,2026-03-05,-153.62,153.62,0.00,expense,Whole Foods Market grocery run,Groceries,Groceries,needs,shopping_bag,#22C55E,Whole Foods Market,stores,Credit Cards,credit_card,Apple Card,USD,,,,,USD,weekly-errands,,false
demo-us-000724,2026-03-06,-62.50,62.50,0.00,expense,Mobile phone plan,Home,Phone,needs,home,#3B82F6,T-Mobile,companies,Credit Cards,credit_card,Apple Card,USD,,,,,USD,fixed-cost,,true
demo-us-000734,2026-03-07,0.00,650.00,650.00,transfer,Automatic savings transfer,,,,,,,,Bank Accounts,account_balance,Chase Checking,USD,Bank Accounts,savings,Ally High Yield Savings,USD,USD,,,true
demo-us-000725,2026-03-08,-121.30,121.30,0.00,expense,Electric utility bill,Home,Utilities,needs,home,#3B82F6,Con Edison,companies,Bank Accounts,account_balance,Chase Checking,USD,,,,,USD,fixed-cost,,true
demo-us-000742,2026-03-09,-104.92,104.92,0.00,expense,Trader Joe's grocery run,Groceries,Groceries,needs,shopping_bag,#22C55E,Trader Joe's,stores,Credit Cards,credit_card,Apple Card,USD,,,,,USD,weekly-errands,,false
demo-us-000754,2026-03-09,-40.40,40.40,0.00,expense,DoorDash,Dining,Delivery,wants,restaurant,#EF4444,DoorDash,online_stores,Credit Cards,credit_card,Apple Card,USD,,,,,USD,convenience,,false
demo-us-000757,2026-03-09,-79.57,79.57,0.00,expense,Local Thai Kitchen,Dining,Restaurants,wants,restaurant,#EF4444,Local Thai Kitchen,cafes,Credit Cards,credit_card,Apple Card,USD,,,,,USD,date-night,,false
demo-us-000763,2026-03-09,-58.86,58.86,0.00,expense,Gas station,Transportation,Gas,needs,directions_car,#F97316,Shell,stores,Bank Accounts,account_balance,Chase Checking,USD,,,,,USD,commute,,false
demo-us-000726,2026-03-10,-104.05,104.05,0.00,expense,Natural gas bill,Home,Utilities,needs,home,#3B82F6,National Grid,companies,Bank Accounts,account_balance,Chase Checking,USD,,,,,USD,fixed-cost;winter-peak,,true
demo-us-000764,2026-03-11,-34.87,34.87,0.00,expense,Gas station,Transportation,Gas,needs,directions_car,#F97316,Shell,stores,Bank Accounts,account_balance,Chase Checking,USD,,,,,USD,commute,,false
demo-us-000768,2026-03-11,-70.18,70.18,0.00,expense,Target,Shopping,Household Supplies,needs,shopping_cart,#F59E0B,Target,stores,Credit Cards,credit_card,Apple Card,USD,,,,,USD,weekly-errands,,false
demo-us-000727,2026-03-12,-132.40,132.40,0.00,expense,Auto insurance,Transportation,Car Insurance,needs,directions_car,#F97316,GEICO,companies,Bank Accounts,account_balance,Chase Checking,USD,,,,,USD,fixed-cost,,true
demo-us-000743,2026-03-12,-85.94,85.94,0.00,expense,Whole Foods Market grocery run,Groceries,Groceries,needs,shopping_bag,#22C55E,Whole Foods Market,stores,Credit Cards,credit_card,Apple Card,USD,,,,,USD,split-receipt,receipt-202603-12,false
demo-us-000744,2026-03-12,-43.94,43.94,0.00,expense,Whole Foods Market household items,Shopping,Household Supplies,needs,shopping_cart,#F59E0B,Whole Foods Market,stores,Credit Cards,credit_card,Apple Card,USD,,,,,USD,split-receipt,receipt-202603-12,false
demo-us-000769,2026-03-13,-83.03,83.03,0.00,expense,REI,Shopping,Clothing,wants,shopping_cart,#F59E0B,REI,stores,Credit Cards,credit_card,Apple Card,USD,,,,,USD,seasonal-refresh,,false
demo-us-000731,2026-03-15,3360.00,0.00,3360.00,income,Payroll direct deposit,Income,Salary,,payments,#10B981,Northstar Software,companies,,,,,Bank Accounts,account_balance,Chase Checking,USD,USD,primary-income,,true
demo-us-000745,2026-03-15,-85.77,85.77,0.00,expense,Costco grocery run,Groceries,Groceries,needs,shopping_bag,#22C55E,Costco,stores,Bank Accounts,account_balance,Chase Checking,USD,,,,,USD,split-receipt,receipt-202603-15,false
demo-us-000746,2026-03-15,-45.54,45.54,0.00,expense,Costco household items,Shopping,Household Supplies,needs,shopping_cart,#F59E0B,Costco,stores,Credit Cards,credit_card,Apple Card,USD,,,,,USD,split-receipt,receipt-202603-15,false
demo-us-000772,2026-03-15,-176.58,176.58,0.00,expense,Kids activities and supplies,Family,Kids Activities,wants,family_restroom,#8B5CF6,YMCA,companies,Credit Cards,credit_card,Apple Card,USD,,,,,USD,after-school,,false
demo-us-000728,2026-03-16,-425.00,425.00,425.00,expense,Auto loan payment,Transportation,Auto Loan,needs,directions_car,#F97316,Capital One Auto Finance,companies,Bank Accounts,account_balance,Chase Checking,USD,Loans,directions_car,Capital One Auto Loan,USD,USD,fixed-cost,,true
demo-us-000729,2026-03-18,-600.00,600.00,600.00,expense,Roth IRA contribution,Savings & Investing,Retirement,savings,savings,#0EA5E9,Vanguard,investments,Bank Accounts,account_balance,Chase Checking,USD,Investments,account_balance,Vanguard Roth IRA,USD,USD,long-term-goals,,true
demo-us-000737,2026-03-18,1763.95,0.00,1763.95,income,Freelance analytics project,Income,Freelance,,payments,#10B981,Cedar Studio,companies,,,,,Bank Accounts,account_balance,Chase Checking,USD,USD,client-work,,false
demo-us-000773,2026-03-18,-125.87,125.87,0.00,expense,"Movies, events, or streaming",Lifestyle,Events,wants,local_activity,#A855F7,Ticketmaster,companies,Credit Cards,credit_card,Apple Card,USD,,,,,USD,event-night,,false
demo-us-000747,2026-03-19,-200.84,200.84,0.00,expense,Costco grocery run,Groceries,Groceries,needs,shopping_bag,#22C55E,Costco,stores,Credit Cards,credit_card,Apple Card,USD,,,,,USD,bulk-stockup,,false
demo-us-000770,2026-03-19,-33.39,33.39,0.00,expense,CVS Pharmacy,Health,Medication,needs,local_hospital,#EC4899,CVS Pharmacy,healthcare,Bank Accounts,account_balance,Chase Checking,USD,,,,,USD,hsa-eligible,,false
demo-us-000771,2026-03-19,-90.27,90.27,0.00,expense,One Medical,Health,Doctor Visit,needs,local_hospital,#EC4899,One Medical,healthcare,Bank Accounts,account_balance,Chase Checking,USD,,,,,USD,hsa-eligible,,false
demo-us-000730,2026-03-20,-250.00,250.00,250.00,expense,Brokerage contribution,Savings & Investing,Investments,savings,savings,#0EA5E9,Fidelity,investments,Bank Accounts,account_balance,Chase Checking,USD,Investments,trending_up,Fidelity Brokerage,USD,USD,long-term-goals,,true
demo-us-000738,2026-03-21,207.87,0.00,207.87,income,Dividend reinvestment,Income,Dividends,,payments,#10B981,Fidelity,investments,,,,,Investments,trending_up,Fidelity Brokerage,USD,USD,passive-income,,false
demo-us-000735,2026-03-23,0.00,1570.71,1570.71,transfer,Credit card payment,,,,,,,,Bank Accounts,account_balance,Chase Checking,USD,Credit Cards,credit_card,Apple Card,USD,USD,,,true
demo-us-000748,2026-03-23,-77.16,77.16,0.00,expense,Target grocery run,Groceries,Groceries,needs,shopping_bag,#22C55E,Target,stores,Credit Cards,credit_card,Apple Card,USD,,,,,USD,target-run,,false
demo-us-000761,2026-03-23,-61.12,61.12,0.00,expense,Gas station,Transportation,Gas,needs,directions_car,#F97316,Shell,stores,Credit Cards,credit_card,Amex Blue Cash,USD,,,,,USD,commute,,false
demo-us-000733,2026-03-25,29.76,0.00,29.76,income,High-yield savings interest,Income,Interest,,payments,#10B981,Ally Bank,companies,,,,,Bank Accounts,savings,Ally High Yield Savings,USD,USD,passive-income,,true
demo-us-000755,2026-03-25,-32.47,32.47,0.00,expense,Local Thai Kitchen,Dining,Restaurants,wants,restaurant,#EF4444,Local Thai Kitchen,cafes,Credit Cards,credit_card,Apple Card,USD,,,,,USD,date-night,,false
demo-us-000756,2026-03-25,-45.82,45.82,0.00,expense,Local Thai Kitchen,Dining,Restaurants,wants,restaurant,#EF4444,Local Thai Kitchen,cafes,Credit Cards,credit_card,Apple Card,USD,,,,,USD,date-night,,false
demo-us-000758,2026-03-26,-31.99,31.99,0.00,expense,Chipotle,Dining,Lunch,wants,restaurant,#EF4444,Chipotle,cafes,Credit Cards,credit_card,Apple Card,USD,,,,,USD,workday,,false
demo-us-000767,2026-03-26,-51.74,51.74,0.00,expense,Amazon,Shopping,Household Supplies,needs,shopping_cart,#F59E0B,Amazon,online_stores,Credit Cards,credit_card,Apple Card,USD,,,,,USD,online-order,,false
demo-us-000736,2026-03-27,0.00,927.15,927.15,transfer,Amex payment,,,,,,,,Bank Accounts,account_balance,Chase Checking,USD,Credit Cards,credit_card,Amex Blue Cash,USD,USD,,,true
demo-us-000749,2026-03-27,-114.04,114.04,0.00,expense,Whole Foods Market grocery run,Groceries,Groceries,needs,shopping_bag,#22C55E,Whole Foods Market,stores,Credit Cards,credit_card,Apple Card,USD,,,,,USD,split-receipt,receipt-202603-27,false
demo-us-000750,2026-03-27,-25.08,25.08,0.00,expense,Whole Foods Market household items,Shopping,Household Supplies,needs,shopping_cart,#F59E0B,Whole Foods Market,stores,Credit Cards,credit_card,Apple Card,USD,,,,,USD,split-receipt,receipt-202603-27,false
demo-us-000774,2026-03-27,60.42,0.00,60.42,offset_income,Returned purchase credit,Shopping,Household Supplies,needs,shopping_cart,#F59E0B,Target,stores,,,,,Credit Cards,credit_card,Apple Card,USD,USD,return-credit,,false
demo-us-000759,2026-03-29,-44.29,44.29,0.00,expense,Starbucks,Dining,Coffee,wants,restaurant,#EF4444,Starbucks,cafes,Credit Cards,credit_card,Apple Card,USD,,,,,USD,workday,,false
demo-us-000762,2026-03-29,-47.49,47.49,0.00,expense,Gas station,Transportation,Gas,needs,directions_car,#F97316,Exxon,stores,Credit Cards,credit_card,Amex Blue Cash,USD,,,,,USD,commute,,false
demo-us-000751,2026-03-30,-154.88,154.88,0.00,expense,Whole Foods Market grocery run,Groceries,Groceries,needs,shopping_bag,#22C55E,Whole Foods Market,stores,Bank Accounts,account_balance,Chase Checking,USD,,,,,USD,split-receipt,receipt-202603-30,false
demo-us-000752,2026-03-30,-33.42,33.42,0.00,expense,Whole Foods Market household items,Shopping,Household Supplies,needs,shopping_cart,#F59E0B,Whole Foods Market,stores,Credit Cards,credit_card,Apple Card,USD,,,,,USD,split-receipt,receipt-202603-30,false
demo-us-000732,2026-03-31,3360.00,0.00,3360.00,income,Payroll direct deposit,Income,Salary,,payments,#10B981,Northstar Software,companies,,,,,Bank Accounts,account_balance,Chase Checking,USD,USD,primary-income,,true
demo-us-000775,2026-04-01,-2245.00,2245.00,0.00,expense,ACH rent payment - Riverside Apartments,Home,Rent,needs,home,#3B82F6,Riverside Apartments,companies,Bank Accounts,account_balance,Chase Checking,USD,,,,,USD,fixed-cost,,true
demo-us-000792,2026-04-02,-75.11,75.11,0.00,expense,Target grocery run,Groceries,Groceries,needs,shopping_bag,#22C55E,Target,stores,Credit Cards,credit_card,Apple Card,USD,,,,,USD,target-run,,false
demo-us-000776,2026-04-03,-185.64,185.64,0.00,expense,Health insurance premium,Health,Health Insurance,needs,local_hospital,#EC4899,Blue Cross Blue Shield,healthcare,Bank Accounts,account_balance,Chase Checking,USD,,,,,USD,fixed-cost,,true
demo-us-000808,2026-04-03,-56.30,56.30,0.00,expense,Neighborhood Pizza,Dining,Restaurants,wants,restaurant,#EF4444,Neighborhood Pizza,cafes,Credit Cards,credit_card,Apple Card,USD,,,,,USD,family-night,,false
demo-us-000824,2026-04-04,-109.52,109.52,0.00,expense,"Movies, events, or streaming",Lifestyle,Streaming,wants,local_activity,#A855F7,Ticketmaster,companies,Credit Cards,credit_card,Apple Card,USD,,,,,USD,event-night,,false
demo-us-000777,2026-04-05,-79.99,79.99,0.00,expense,Fiber internet,Home,Internet,needs,home,#3B82F6,Verizon Fios,companies,Bank Accounts,account_balance,Chase Checking,USD,,,,,USD,fixed-cost,,true
demo-us-000793,2026-04-05,-130.75,130.75,0.00,expense,Costco grocery run,Groceries,Groceries,needs,shopping_bag,#22C55E,Costco,stores,Credit Cards,credit_card,Apple Card,USD,,,,,USD,split-receipt,receipt-202604-5,false
demo-us-000794,2026-04-05,-24.65,24.65,0.00,expense,Costco household items,Shopping,Household Supplies,needs,shopping_cart,#F59E0B,Costco,stores,Credit Cards,credit_card,Apple Card,USD,,,,,USD,split-receipt,receipt-202604-5,false
demo-us-000778,2026-04-06,-62.50,62.50,0.00,expense,Mobile phone plan,Home,Phone,needs,home,#3B82F6,T-Mobile,companies,Credit Cards,credit_card,Apple Card,USD,,,,,USD,fixed-cost,,true
demo-us-000821,2026-04-06,-88.09,88.09,0.00,expense,One Medical,Health,Doctor Visit,needs,local_hospital,#EC4899,One Medical,healthcare,Bank Accounts,account_balance,Chase Checking,USD,,,,,USD,hsa-eligible,,false
demo-us-000822,2026-04-06,-91.21,91.21,0.00,expense,Walgreens,Health,Medication,needs,local_hospital,#EC4899,Walgreens,healthcare,Bank Accounts,account_balance,Chase Checking,USD,,,,,USD,hsa-eligible,,false
demo-us-000788,2026-04-07,0.00,650.00,650.00,transfer,Automatic savings transfer,,,,,,,,Bank Accounts,account_balance,Chase Checking,USD,Bank Accounts,savings,Ally High Yield Savings,USD,USD,,,true
demo-us-000812,2026-04-07,-67.11,67.11,0.00,expense,Gas station,Transportation,Gas,needs,directions_car,#F97316,Chevron,stores,Credit Cards,credit_card,Amex Blue Cash,USD,,,,,USD,commute,,false
demo-us-000779,2026-04-08,-103.50,103.50,0.00,expense,Electric utility bill,Home,Utilities,needs,home,#3B82F6,Con Edison,companies,Bank Accounts,account_balance,Chase Checking,USD,,,,,USD,fixed-cost,,true
demo-us-000805,2026-04-08,-88.48,88.48,0.00,expense,Local Thai Kitchen,Dining,Restaurants,wants,restaurant,#EF4444,Local Thai Kitchen,cafes,Credit Cards,credit_card,Apple Card,USD,,,,,USD,date-night,,false
demo-us-000817,2026-04-08,-66.13,66.13,0.00,expense,Home Depot,Shopping,Home Improvement,wants,shopping_cart,#F59E0B,Home Depot,stores,Bank Accounts,account_balance,Chase Checking,USD,,,,,USD,apartment-upkeep,,false
demo-us-000795,2026-04-09,-149.16,149.16,0.00,expense,Target grocery run,Groceries,Groceries,needs,shopping_bag,#22C55E,Target,stores,Credit Cards,credit_card,Apple Card,USD,,,,,USD,target-run,,false
demo-us-000780,2026-04-10,-30.47,30.47,0.00,expense,Natural gas bill,Home,Utilities,needs,home,#3B82F6,National Grid,companies,Bank Accounts,account_balance,Chase Checking,USD,,,,,USD,fixed-cost,,true
demo-us-000810,2026-04-10,-9.06,9.06,0.00,expense,Starbucks,Dining,Coffee,wants,restaurant,#EF4444,Starbucks,cafes,Credit Cards,credit_card,Apple Card,USD,,,,,USD,workday,,false
demo-us-000813,2026-04-11,-42.73,42.73,0.00,expense,Gas station,Transportation,Gas,needs,directions_car,#F97316,Shell,stores,Credit Cards,credit_card,Amex Blue Cash,USD,,,,,USD,commute,,false
demo-us-000781,2026-04-12,-132.40,132.40,0.00,expense,Auto insurance,Transportation,Car Insurance,needs,directions_car,#F97316,GEICO,companies,Bank Accounts,account_balance,Chase Checking,USD,,,,,USD,fixed-cost,,true
demo-us-000791,2026-04-12,910.00,0.00,910.00,income,Federal tax refund,Income,Tax Refund,,payments,#10B981,IRS,other,,,,,Bank Accounts,account_balance,Chase Checking,USD,USD,tax-season,,false
demo-us-000796,2026-04-12,-81.92,81.92,0.00,expense,Target grocery run,Groceries,Groceries,needs,shopping_bag,#22C55E,Target,stores,Credit Cards,credit_card,Apple Card,USD,,,,,USD,target-run,,false
demo-us-000816,2026-04-14,-48.20,48.20,0.00,expense,Gas station,Transportation,Gas,needs,directions_car,#F97316,Shell,stores,Bank Accounts,account_balance,Chase Checking,USD,,,,,USD,commute,,false
demo-us-000818,2026-04-14,-40.62,40.62,0.00,expense,Target,Shopping,Household Supplies,needs,shopping_cart,#F59E0B,Target,stores,Bank Accounts,account_balance,Chase Checking,USD,,,,,USD,weekly-errands,,false
demo-us-000785,2026-04-15,3360.00,0.00,3360.00,income,Payroll direct deposit,Income,Salary,,payments,#10B981,Northstar Software,companies,,,,,Bank Accounts,account_balance,Chase Checking,USD,USD,primary-income,,true
demo-us-000806,2026-04-15,-78.04,78.04,0.00,expense,Neighborhood Pizza,Dining,Restaurants,wants,restaurant,#EF4444,Neighborhood Pizza,cafes,Credit Cards,credit_card,Apple Card,USD,,,,,USD,family-night,,false
demo-us-000782,2026-04-16,-425.00,425.00,425.00,expense,Auto loan payment,Transportation,Auto Loan,needs,directions_car,#F97316,Capital One Auto Finance,companies,Bank Accounts,account_balance,Chase Checking,USD,Loans,directions_car,Capital One Auto Loan,USD,USD,fixed-cost,,true
demo-us-000797,2026-04-16,-99.21,99.21,0.00,expense,Kroger grocery run,Groceries,Groceries,needs,shopping_bag,#22C55E,Kroger,stores,Credit Cards,credit_card,Apple Card,USD,,,,,USD,weekly-errands,,false
demo-us-000811,2026-04-17,-49.35,49.35,0.00,expense,Neighborhood Pizza,Dining,Restaurants,wants,restaurant,#EF4444,Neighborhood Pizza,cafes,Credit Cards,credit_card,Apple Card,USD,,,,,USD,family-night,,false
demo-us-000820,2026-04-17,-104.28,104.28,0.00,expense,Target,Shopping,Household Supplies,needs,shopping_cart,#F59E0B,Target,stores,Credit Cards,credit_card,Apple Card,USD,,,,,USD,weekly-errands,,false
demo-us-000783,2026-04-18,-600.00,600.00,600.00,expense,Roth IRA contribution,Savings & Investing,Retirement,savings,savings,#0EA5E9,Vanguard,investments,Bank Accounts,account_balance,Chase Checking,USD,Investments,account_balance,Vanguard Roth IRA,USD,USD,long-term-goals,,true
demo-us-000807,2026-04-18,-37.60,37.60,0.00,expense,Starbucks,Dining,Coffee,wants,restaurant,#EF4444,Starbucks,cafes,Credit Cards,credit_card,Apple Card,USD,,,,,USD,workday,,false
demo-us-000823,2026-04-19,-162.84,162.84,0.00,expense,Kids activities and supplies,Family,Kids Activities,wants,family_restroom,#8B5CF6,School PTA,companies,Credit Cards,credit_card,Apple Card,USD,,,,,USD,after-school,,false
demo-us-000784,2026-04-20,-250.00,250.00,250.00,expense,Brokerage contribution,Savings & Investing,Investments,savings,savings,#0EA5E9,Fidelity,investments,Bank Accounts,account_balance,Chase Checking,USD,Investments,trending_up,Fidelity Brokerage,USD,USD,long-term-goals,,true
demo-us-000798,2026-04-20,-160.73,160.73,0.00,expense,Costco grocery run,Groceries,Groceries,needs,shopping_bag,#22C55E,Costco,stores,Credit Cards,credit_card,Apple Card,USD,,,,,USD,split-receipt,receipt-202604-20,false
demo-us-000799,2026-04-20,-34.21,34.21,0.00,expense,Costco household items,Shopping,Household Supplies,needs,shopping_cart,#F59E0B,Costco,stores,Credit Cards,credit_card,Apple Card,USD,,,,,USD,split-receipt,receipt-202604-20,false
demo-us-000814,2026-04-20,-38.52,38.52,0.00,expense,Gas station,Transportation,Gas,needs,directions_car,#F97316,Exxon,stores,Credit Cards,credit_card,Amex Blue Cash,USD,,,,,USD,commute,,false
demo-us-000819,2026-04-22,-27.31,27.31,0.00,expense,REI,Shopping,Clothing,wants,shopping_cart,#F59E0B,REI,stores,Credit Cards,credit_card,Apple Card,USD,,,,,USD,seasonal-refresh,,false
demo-us-000789,2026-04-23,0.00,1567.59,1567.59,transfer,Credit card payment,,,,,,,,Bank Accounts,account_balance,Chase Checking,USD,Credit Cards,credit_card,Apple Card,USD,USD,,,true
demo-us-000800,2026-04-23,-123.97,123.97,0.00,expense,Trader Joe's grocery run,Groceries,Groceries,needs,shopping_bag,#22C55E,Trader Joe's,stores,Bank Accounts,account_balance,Chase Checking,USD,,,,,USD,weekly-errands,,false
demo-us-000787,2026-04-25,77.01,0.00,77.01,income,High-yield savings interest,Income,Interest,,payments,#10B981,Ally Bank,companies,,,,,Bank Accounts,savings,Ally High Yield Savings,USD,USD,passive-income,,true
demo-us-000815,2026-04-25,-47.86,47.86,0.00,expense,Gas station,Transportation,Gas,needs,directions_car,#F97316,Costco Gas,stores,Credit Cards,credit_card,Amex Blue Cash,USD,,,,,USD,commute,,false
demo-us-000801,2026-04-26,-74.18,74.18,0.00,expense,Whole Foods Market grocery run,Groceries,Groceries,needs,shopping_bag,#22C55E,Whole Foods Market,stores,Credit Cards,credit_card,Apple Card,USD,,,,,USD,weekly-errands,,false
demo-us-000790,2026-04-27,0.00,1049.16,1049.16,transfer,Amex payment,,,,,,,,Bank Accounts,account_balance,Chase Checking,USD,Credit Cards,credit_card,Amex Blue Cash,USD,USD,,,true
demo-us-000804,2026-04-28,-18.80,18.80,0.00,expense,DoorDash,Dining,Delivery,wants,restaurant,#EF4444,DoorDash,online_stores,Credit Cards,credit_card,Apple Card,USD,,,,,USD,convenience,,false
demo-us-000809,2026-04-28,-71.74,71.74,0.00,expense,Local Thai Kitchen,Dining,Restaurants,wants,restaurant,#EF4444,Local Thai Kitchen,cafes,Credit Cards,credit_card,Apple Card,USD,,,,,USD,date-night,,false
demo-us-000786,2026-04-30,3360.00,0.00,3360.00,income,Payroll direct deposit,Income,Salary,,payments,#10B981,Northstar Software,companies,,,,,Bank Accounts,account_balance,Chase Checking,USD,USD,primary-income,,true
demo-us-000802,2026-04-30,-84.10,84.10,0.00,expense,Target grocery run,Groceries,Groceries,needs,shopping_bag,#22C55E,Target,stores,Credit Cards,credit_card,Apple Card,USD,,,,,USD,split-receipt,receipt-202604-30,false
demo-us-000803,2026-04-30,-25.72,25.72,0.00,expense,Target household items,Shopping,Household Supplies,needs,shopping_cart,#F59E0B,Target,stores,Credit Cards,credit_card,Apple Card,USD,,,,,USD,split-receipt,receipt-202604-30,false
demo-us-000825,2026-05-01,-2245.00,2245.00,0.00,expense,ACH rent payment - Riverside Apartments,Home,Rent,needs,home,#3B82F6,Riverside Apartments,companies,Bank Accounts,account_balance,Chase Checking,USD,,,,,USD,fixed-cost,,true
demo-us-000866,2026-05-01,-279.26,279.26,0.00,expense,Best Buy,Shopping,Electronics,wants,shopping_cart,#F59E0B,Best Buy,stores,Credit Cards,credit_card,Apple Card,USD,,,,,USD,home-office,,false
demo-us-000841,2026-05-02,-98.18,98.18,0.00,expense,Target grocery run,Groceries,Groceries,needs,shopping_bag,#22C55E,Target,stores,Credit Cards,credit_card,Apple Card,USD,,,,,USD,target-run,,false
demo-us-000826,2026-05-03,-185.64,185.64,0.00,expense,Health insurance premium,Health,Health Insurance,needs,local_hospital,#EC4899,Blue Cross Blue Shield,healthcare,Bank Accounts,account_balance,Chase Checking,USD,,,,,USD,fixed-cost,,true
demo-us-000853,2026-05-03,-22.78,22.78,0.00,expense,DoorDash,Dining,Delivery,wants,restaurant,#EF4444,DoorDash,online_stores,Credit Cards,credit_card,Apple Card,USD,,,,,USD,convenience,,false
demo-us-000860,2026-05-03,-41.10,41.10,0.00,expense,Gas station,Transportation,Gas,needs,directions_car,#F97316,Chevron,stores,Credit Cards,credit_card,Amex Blue Cash,USD,,,,,USD,commute,,false
demo-us-000827,2026-05-05,-79.99,79.99,0.00,expense,Fiber internet,Home,Internet,needs,home,#3B82F6,Verizon Fios,companies,Bank Accounts,account_balance,Chase Checking,USD,,,,,USD,fixed-cost,,true
demo-us-000858,2026-05-05,-27.41,27.41,0.00,expense,Chipotle,Dining,Lunch,wants,restaurant,#EF4444,Chipotle,cafes,Credit Cards,credit_card,Apple Card,USD,,,,,USD,workday,,false
demo-us-000828,2026-05-06,-62.50,62.50,0.00,expense,Mobile phone plan,Home,Phone,needs,home,#3B82F6,T-Mobile,companies,Credit Cards,credit_card,Apple Card,USD,,,,,USD,fixed-cost,,true
demo-us-000842,2026-05-06,-69.76,69.76,0.00,expense,Kroger grocery run,Groceries,Groceries,needs,shopping_bag,#22C55E,Kroger,stores,Credit Cards,credit_card,Apple Card,USD,,,,,USD,weekly-errands,,false
demo-us-000838,2026-05-07,0.00,650.00,650.00,transfer,Automatic savings transfer,,,,,,,,Bank Accounts,account_balance,Chase Checking,USD,Bank Accounts,savings,Ally High Yield Savings,USD,USD,,,true
demo-us-000829,2026-05-08,-120.22,120.22,0.00,expense,Electric utility bill,Home,Utilities,needs,home,#3B82F6,Con Edison,companies,Bank Accounts,account_balance,Chase Checking,USD,,,,,USD,fixed-cost,,true
demo-us-000830,2026-05-10,-51.21,51.21,0.00,expense,Natural gas bill,Home,Utilities,needs,home,#3B82F6,National Grid,companies,Bank Accounts,account_balance,Chase Checking,USD,,,,,USD,fixed-cost,,true
demo-us-000843,2026-05-10,-119.09,119.09,0.00,expense,Trader Joe's grocery run,Groceries,Groceries,needs,shopping_bag,#22C55E,Trader Joe's,stores,Bank Accounts,account_balance,Chase Checking,USD,,,,,USD,split-receipt,receipt-202605-10,false
demo-us-000844,2026-05-10,-35.04,35.04,0.00,expense,Trader Joe's household items,Shopping,Household Supplies,needs,shopping_cart,#F59E0B,Trader Joe's,stores,Credit Cards,credit_card,Apple Card,USD,,,,,USD,split-receipt,receipt-202605-10,false
demo-us-000867,2026-05-10,-143.88,143.88,0.00,expense,REI,Shopping,Clothing,wants,shopping_cart,#F59E0B,REI,stores,Credit Cards,credit_card,Apple Card,USD,,,,,USD,seasonal-refresh,,false
demo-us-000854,2026-05-11,-29.54,29.54,0.00,expense,Sweetgreen,Dining,Lunch,wants,restaurant,#EF4444,Sweetgreen,cafes,Credit Cards,credit_card,Apple Card,USD,,,,,USD,workday,,false
demo-us-000831,2026-05-12,-132.40,132.40,0.00,expense,Auto insurance,Transportation,Car Insurance,needs,directions_car,#F97316,GEICO,companies,Bank Accounts,account_balance,Chase Checking,USD,,,,,USD,fixed-cost,,true
demo-us-000872,2026-05-12,-68.42,68.42,0.00,expense,"Movies, events, or streaming",Lifestyle,Events,wants,local_activity,#A855F7,Ticketmaster,companies,Credit Cards,credit_card,Apple Card,USD,,,,,USD,event-night,,false
demo-us-000845,2026-05-14,-130.95,130.95,0.00,expense,Costco grocery run,Groceries,Groceries,needs,shopping_bag,#22C55E,Costco,stores,Credit Cards,credit_card,Apple Card,USD,,,,,USD,split-receipt,receipt-202605-14,false
demo-us-000846,2026-05-14,-38.47,38.47,0.00,expense,Costco household items,Shopping,Household Supplies,needs,shopping_cart,#F59E0B,Costco,stores,Credit Cards,credit_card,Apple Card,USD,,,,,USD,split-receipt,receipt-202605-14,false
demo-us-000859,2026-05-14,-35.88,35.88,0.00,expense,Chipotle,Dining,Lunch,wants,restaurant,#EF4444,Chipotle,cafes,Credit Cards,credit_card,Apple Card,USD,,,,,USD,workday,,false
demo-us-000835,2026-05-15,3360.00,0.00,3360.00,income,Payroll direct deposit,Income,Salary,,payments,#10B981,Northstar Software,companies,,,,,Bank Accounts,account_balance,Chase Checking,USD,USD,primary-income,,true
demo-us-000832,2026-05-16,-425.00,425.00,425.00,expense,Auto loan payment,Transportation,Auto Loan,needs,directions_car,#F97316,Capital One Auto Finance,companies,Bank Accounts,account_balance,Chase Checking,USD,Loans,directions_car,Capital One Auto Loan,USD,USD,fixed-cost,,true
demo-us-000862,2026-05-16,-44.41,44.41,0.00,expense,Gas station,Transportation,Gas,needs,directions_car,#F97316,Costco Gas,stores,Credit Cards,credit_card,Amex Blue Cash,USD,,,,,USD,commute,,false
demo-us-000869,2026-05-16,-87.04,87.04,0.00,expense,One Medical,Health,Doctor Visit,needs,local_hospital,#EC4899,One Medical,healthcare,Bank Accounts,account_balance,Chase Checking,USD,,,,,USD,hsa-eligible,,false
demo-us-000856,2026-05-17,-40.47,40.47,0.00,expense,DoorDash,Dining,Delivery,wants,restaurant,#EF4444,DoorDash,online_stores,Credit Cards,credit_card,Apple Card,USD,,,,,USD,convenience,,false
demo-us-000833,2026-05-18,-600.00,600.00,600.00,expense,Roth IRA contribution,Savings & Investing,Retirement,savings,savings,#0EA5E9,Vanguard,investments,Bank Accounts,account_balance,Chase Checking,USD,Investments,account_balance,Vanguard Roth IRA,USD,USD,long-term-goals,,true
demo-us-000847,2026-05-18,-141.37,141.37,0.00,expense,Target grocery run,Groceries,Groceries,needs,shopping_bag,#22C55E,Target,stores,Credit Cards,credit_card,Apple Card,USD,,,,,USD,split-receipt,receipt-202605-18,false
demo-us-000848,2026-05-18,-23.00,23.00,0.00,expense,Target household items,Shopping,Household Supplies,needs,shopping_cart,#F59E0B,Target,stores,Credit Cards,credit_card,Apple Card,USD,,,,,USD,split-receipt,receipt-202605-18,false
demo-us-000861,2026-05-18,-62.35,62.35,0.00,expense,Gas station,Transportation,Gas,needs,directions_car,#F97316,Costco Gas,stores,Bank Accounts,account_balance,Chase Checking,USD,,,,,USD,commute,,false
demo-us-000834,2026-05-20,-250.00,250.00,250.00,expense,Brokerage contribution,Savings & Investing,Investments,savings,savings,#0EA5E9,Fidelity,investments,Bank Accounts,account_balance,Chase Checking,USD,Investments,trending_up,Fidelity Brokerage,USD,USD,long-term-goals,,true
demo-us-000863,2026-05-20,-64.52,64.52,0.00,expense,Gas station,Transportation,Gas,needs,directions_car,#F97316,Chevron,stores,Credit Cards,credit_card,Amex Blue Cash,USD,,,,,USD,commute,,false
demo-us-000871,2026-05-20,-176.98,176.98,0.00,expense,Kids activities and supplies,Family,Kids Activities,wants,family_restroom,#8B5CF6,School PTA,companies,Credit Cards,credit_card,Apple Card,USD,,,,,USD,after-school,,false
demo-us-000849,2026-05-22,-128.07,128.07,0.00,expense,Target grocery run,Groceries,Groceries,needs,shopping_bag,#22C55E,Target,stores,Credit Cards,credit_card,Apple Card,USD,,,,,USD,target-run,,false
demo-us-000839,2026-05-23,0.00,1434.19,1434.19,transfer,Credit card payment,,,,,,,,Bank Accounts,account_balance,Chase Checking,USD,Credit Cards,credit_card,Apple Card,USD,USD,,,true
demo-us-000857,2026-05-23,-33.69,33.69,0.00,expense,Neighborhood Pizza,Dining,Restaurants,wants,restaurant,#EF4444,Neighborhood Pizza,cafes,Credit Cards,credit_card,Apple Card,USD,,,,,USD,family-night,,false
demo-us-000873,2026-05-23,-39.69,39.69,0.00,expense,Charitable donation,Giving,Donations,wants,volunteer_activism,#14B8A6,Red Cross,charity,Bank Accounts,account_balance,Chase Checking,USD,,,,,USD,community,,false
demo-us-000868,2026-05-24,-127.99,127.99,0.00,expense,Amazon,Shopping,Household Supplies,needs,shopping_cart,#F59E0B,Amazon,online_stores,Bank Accounts,account_balance,Chase Checking,USD,,,,,USD,online-order,,false
demo-us-000837,2026-05-25,57.23,0.00,57.23,income,High-yield savings interest,Income,Interest,,payments,#10B981,Ally Bank,companies,,,,,Bank Accounts,savings,Ally High Yield Savings,USD,USD,passive-income,,true
demo-us-000865,2026-05-25,-62.47,62.47,0.00,expense,Target,Shopping,Household Supplies,needs,shopping_cart,#F59E0B,Target,stores,Credit Cards,credit_card,Apple Card,USD,,,,,USD,weekly-errands,,false
demo-us-000850,2026-05-26,-210.08,210.08,0.00,expense,Costco grocery run,Groceries,Groceries,needs,shopping_bag,#22C55E,Costco,stores,Credit Cards,credit_card,Apple Card,USD,,,,,USD,bulk-stockup,,false
demo-us-000870,2026-05-26,-93.60,93.60,0.00,expense,One Medical,Health,Doctor Visit,needs,local_hospital,#EC4899,One Medical,healthcare,Bank Accounts,account_balance,Chase Checking,USD,,,,,USD,hsa-eligible,,false
demo-us-000840,2026-05-27,0.00,683.66,683.66,transfer,Amex payment,,,,,,,,Bank Accounts,account_balance,Chase Checking,USD,Credit Cards,credit_card,Amex Blue Cash,USD,USD,,,true
demo-us-000855,2026-05-27,-32.75,32.75,0.00,expense,Sweetgreen,Dining,Lunch,wants,restaurant,#EF4444,Sweetgreen,cafes,Credit Cards,credit_card,Apple Card,USD,,,,,USD,workday,,false
demo-us-000864,2026-05-28,-69.05,69.05,0.00,expense,Gas station,Transportation,Gas,needs,directions_car,#F97316,Costco Gas,stores,Credit Cards,credit_card,Amex Blue Cash,USD,,,,,USD,commute,,false
demo-us-000851,2026-05-30,-88.00,88.00,0.00,expense,Whole Foods Market grocery run,Groceries,Groceries,needs,shopping_bag,#22C55E,Whole Foods Market,stores,Credit Cards,credit_card,Apple Card,USD,,,,,USD,weekly-errands,,false
demo-us-000852,2026-05-30,-28.48,28.48,0.00,expense,Starbucks,Dining,Coffee,wants,restaurant,#EF4444,Starbucks,cafes,Credit Cards,credit_card,Apple Card,USD,,,,,USD,workday,,false
demo-us-000836,2026-05-31,3360.00,0.00,3360.00,income,Payroll direct deposit,Income,Salary,,payments,#10B981,Northstar Software,companies,,,,,Bank Accounts,account_balance,Chase Checking,USD,USD,primary-income,,true
demo-us-000874,2026-06-01,-2245.00,2245.00,0.00,expense,ACH rent payment - Riverside Apartments,Home,Rent,needs,home,#3B82F6,Riverside Apartments,companies,Bank Accounts,account_balance,Chase Checking,USD,,,,,USD,fixed-cost,,true
demo-us-000892,2026-06-02,-155.37,155.37,0.00,expense,Target grocery run,Groceries,Groceries,needs,shopping_bag,#22C55E,Target,stores,Credit Cards,credit_card,Apple Card,USD,,,,,USD,target-run,,false
demo-us-000909,2026-06-02,-35.14,35.14,0.00,expense,Starbucks,Dining,Coffee,wants,restaurant,#EF4444,Starbucks,cafes,Credit Cards,credit_card,Apple Card,USD,,,,,USD,workday,,false
demo-us-000922,2026-06-02,-38.11,38.11,0.00,expense,"Movies, events, or streaming",Lifestyle,Books,wants,local_activity,#A855F7,AMC Theatres,companies,Credit Cards,credit_card,Apple Card,USD,,,,,USD,family-night,,false
demo-us-000875,2026-06-03,-185.64,185.64,0.00,expense,Health insurance premium,Health,Health Insurance,needs,local_hospital,#EC4899,Blue Cross Blue Shield,healthcare,Bank Accounts,account_balance,Chase Checking,USD,,,,,USD,fixed-cost,,true
demo-us-000919,2026-06-03,-16.18,16.18,0.00,expense,CVS Pharmacy,Health,Medication,needs,local_hospital,#EC4899,CVS Pharmacy,healthcare,Bank Accounts,account_balance,Chase Checking,USD,,,,,USD,hsa-eligible,,false
demo-us-000876,2026-06-05,-79.99,79.99,0.00,expense,Fiber internet,Home,Internet,needs,home,#3B82F6,Verizon Fios,companies,Bank Accounts,account_balance,Chase Checking,USD,,,,,USD,fixed-cost,,true
demo-us-000877,2026-06-06,-62.50,62.50,0.00,expense,Mobile phone plan,Home,Phone,needs,home,#3B82F6,T-Mobile,companies,Credit Cards,credit_card,Apple Card,USD,,,,,USD,fixed-cost,,true
demo-us-000893,2026-06-06,-120.28,120.28,0.00,expense,Costco grocery run,Groceries,Groceries,needs,shopping_bag,#22C55E,Costco,stores,Credit Cards,credit_card,Apple Card,USD,,,,,USD,bulk-stockup,,false
demo-us-000902,2026-06-06,-27.61,27.61,0.00,expense,Chipotle,Dining,Lunch,wants,restaurant,#EF4444,Chipotle,cafes,Credit Cards,credit_card,Apple Card,USD,,,,,USD,workday,,false
demo-us-000918,2026-06-06,-77.26,77.26,0.00,expense,Amazon,Shopping,Household Supplies,needs,shopping_cart,#F59E0B,Amazon,online_stores,Bank Accounts,account_balance,Chase Checking,USD,,,,,USD,online-order,,false
demo-us-000887,2026-06-07,0.00,650.00,650.00,transfer,Automatic savings transfer,,,,,,,,Bank Accounts,account_balance,Chase Checking,USD,Bank Accounts,savings,Ally High Yield Savings,USD,USD,,,true
demo-us-000904,2026-06-07,-22.37,22.37,0.00,expense,Sweetgreen,Dining,Lunch,wants,restaurant,#EF4444,Sweetgreen,cafes,Credit Cards,credit_card,Apple Card,USD,,,,,USD,workday,,false
demo-us-000878,2026-06-08,-230.64,230.64,0.00,expense,Electric utility bill,Home,Utilities,needs,home,#3B82F6,Con Edison,companies,Bank Accounts,account_balance,Chase Checking,USD,,,,,USD,fixed-cost;summer-peak,,true
demo-us-000903,2026-06-08,-18.13,18.13,0.00,expense,Chipotle,Dining,Lunch,wants,restaurant,#EF4444,Chipotle,cafes,Credit Cards,credit_card,Apple Card,USD,,,,,USD,workday,,false
demo-us-000920,2026-06-08,-87.22,87.22,0.00,expense,One Medical,Health,Doctor Visit,needs,local_hospital,#EC4899,One Medical,healthcare,Bank Accounts,account_balance,Chase Checking,USD,,,,,USD,hsa-eligible,,false
demo-us-000911,2026-06-09,-43.80,43.80,0.00,expense,Gas station,Transportation,Gas,needs,directions_car,#F97316,Chevron,stores,Credit Cards,credit_card,Amex Blue Cash,USD,,,,,USD,commute,,false
demo-us-000879,2026-06-10,-34.67,34.67,0.00,expense,Natural gas bill,Home,Utilities,needs,home,#3B82F6,National Grid,companies,Bank Accounts,account_balance,Chase Checking,USD,,,,,USD,fixed-cost,,true
demo-us-000894,2026-06-10,-143.88,143.88,0.00,expense,Whole Foods Market grocery run,Groceries,Groceries,needs,shopping_bag,#22C55E,Whole Foods Market,stores,Bank Accounts,account_balance,Chase Checking,USD,,,,,USD,weekly-errands,,false
demo-us-000906,2026-06-11,-23.22,23.22,0.00,expense,Chipotle,Dining,Lunch,wants,restaurant,#EF4444,Chipotle,cafes,Credit Cards,credit_card,Apple Card,USD,,,,,USD,workday,,false
demo-us-000923,2026-06-11,-527.04,527.04,0.00,expense,Flight or hotel booking,Travel,Rental Car,wants,flight,#06B6D4,Hertz,companies,Credit Cards,credit_card,Apple Card,USD,,,,,USD,summer-trip,,false
demo-us-000880,2026-06-12,-132.40,132.40,0.00,expense,Auto insurance,Transportation,Car Insurance,needs,directions_car,#F97316,GEICO,companies,Bank Accounts,account_balance,Chase Checking,USD,,,,,USD,fixed-cost,,true
demo-us-000908,2026-06-12,-33.55,33.55,0.00,expense,DoorDash,Dining,Delivery,wants,restaurant,#EF4444,DoorDash,online_stores,Credit Cards,credit_card,Apple Card,USD,,,,,USD,convenience,,false
demo-us-000914,2026-06-12,-61.91,61.91,0.00,expense,Gas station,Transportation,Gas,needs,directions_car,#F97316,Costco Gas,stores,Credit Cards,credit_card,Amex Blue Cash,USD,,,,,USD,commute,,false
demo-us-000895,2026-06-13,-184.55,184.55,0.00,expense,Costco grocery run,Groceries,Groceries,needs,shopping_bag,#22C55E,Costco,stores,Credit Cards,credit_card,Apple Card,USD,,,,,USD,bulk-stockup,,false
demo-us-000907,2026-06-14,-13.43,13.43,0.00,expense,Starbucks,Dining,Coffee,wants,restaurant,#EF4444,Starbucks,cafes,Credit Cards,credit_card,Apple Card,USD,,,,,USD,workday,,false
demo-us-000884,2026-06-15,3360.00,0.00,3360.00,income,Payroll direct deposit,Income,Salary,,payments,#10B981,Northstar Software,companies,,,,,Bank Accounts,account_balance,Chase Checking,USD,USD,primary-income,,true
demo-us-000881,2026-06-16,-425.00,425.00,425.00,expense,Auto loan payment,Transportation,Auto Loan,needs,directions_car,#F97316,Capital One Auto Finance,companies,Bank Accounts,account_balance,Chase Checking,USD,Loans,directions_car,Capital One Auto Loan,USD,USD,fixed-cost,,true
demo-us-000896,2026-06-17,-130.81,130.81,0.00,expense,Costco grocery run,Groceries,Groceries,needs,shopping_bag,#22C55E,Costco,stores,Bank Accounts,account_balance,Chase Checking,USD,,,,,USD,bulk-stockup,,false
demo-us-000882,2026-06-18,-600.00,600.00,600.00,expense,Roth IRA contribution,Savings & Investing,Retirement,savings,savings,#0EA5E9,Vanguard,investments,Bank Accounts,account_balance,Chase Checking,USD,Investments,account_balance,Vanguard Roth IRA,USD,USD,long-term-goals,,true
demo-us-000890,2026-06-18,1534.00,0.00,1534.00,income,Freelance analytics project,Income,Freelance,,payments,#10B981,Cedar Studio,companies,,,,,Bank Accounts,account_balance,Chase Checking,USD,USD,client-work,,false
demo-us-000915,2026-06-19,-82.10,82.10,0.00,expense,Target,Shopping,Household Supplies,needs,shopping_cart,#F59E0B,Target,stores,Credit Cards,credit_card,Apple Card,USD,,,,,USD,weekly-errands,,false
demo-us-000883,2026-06-20,-250.00,250.00,250.00,expense,Brokerage contribution,Savings & Investing,Investments,savings,savings,#0EA5E9,Fidelity,investments,Bank Accounts,account_balance,Chase Checking,USD,Investments,trending_up,Fidelity Brokerage,USD,USD,long-term-goals,,true
demo-us-000905,2026-06-20,-43.29,43.29,0.00,expense,DoorDash,Dining,Delivery,wants,restaurant,#EF4444,DoorDash,online_stores,Credit Cards,credit_card,Apple Card,USD,,,,,USD,convenience,,false
demo-us-000921,2026-06-20,-144.91,144.91,0.00,expense,Kids activities and supplies,Family,Kids Activities,wants,family_restroom,#8B5CF6,School PTA,companies,Credit Cards,credit_card,Apple Card,USD,,,,,USD,after-school,,false
demo-us-000924,2026-06-20,-137.51,137.51,0.00,expense,Trip meals and activities,Travel,Travel Meals,wants,flight,#06B6D4,Museum Tickets,companies,Credit Cards,credit_card,Apple Card,USD,,,,,USD,summer-trip,,false
demo-us-000891,2026-06-21,257.75,0.00,257.75,income,Dividend reinvestment,Income,Dividends,,payments,#10B981,Fidelity,investments,,,,,Investments,trending_up,Fidelity Brokerage,USD,USD,passive-income,,false
demo-us-000897,2026-06-21,-78.65,78.65,0.00,expense,Whole Foods Market grocery run,Groceries,Groceries,needs,shopping_bag,#22C55E,Whole Foods Market,stores,Bank Accounts,account_balance,Chase Checking,USD,,,,,USD,weekly-errands,,false
demo-us-000916,2026-06-21,-48.30,48.30,0.00,expense,Target,Shopping,Household Supplies,needs,shopping_cart,#F59E0B,Target,stores,Bank Accounts,account_balance,Chase Checking,USD,,,,,USD,weekly-errands,,false
demo-us-000910,2026-06-22,-58.44,58.44,0.00,expense,Gas station,Transportation,Gas,needs,directions_car,#F97316,Costco Gas,stores,Bank Accounts,account_balance,Chase Checking,USD,,,,,USD,commute,,false
demo-us-000888,2026-06-23,0.00,1502.94,1502.94,transfer,Credit card payment,,,,,,,,Bank Accounts,account_balance,Chase Checking,USD,Credit Cards,credit_card,Apple Card,USD,USD,,,true
demo-us-000913,2026-06-23,-59.23,59.23,0.00,expense,Gas station,Transportation,Gas,needs,directions_car,#F97316,Chevron,stores,Credit Cards,credit_card,Amex Blue Cash,USD,,,,,USD,commute,,false
demo-us-000917,2026-06-23,-117.95,117.95,0.00,expense,Amazon,Shopping,Household Supplies,needs,shopping_cart,#F59E0B,Amazon,online_stores,Bank Accounts,account_balance,Chase Checking,USD,,,,,USD,online-order,,false
demo-us-000898,2026-06-24,-124.45,124.45,0.00,expense,Target grocery run,Groceries,Groceries,needs,shopping_bag,#22C55E,Target,stores,Credit Cards,credit_card,Apple Card,USD,,,,,USD,target-run,,false
demo-us-000912,2026-06-24,-40.34,40.34,0.00,expense,Gas station,Transportation,Gas,needs,directions_car,#F97316,Costco Gas,stores,Credit Cards,credit_card,Amex Blue Cash,USD,,,,,USD,commute,,false
demo-us-000886,2026-06-25,31.45,0.00,31.45,income,High-yield savings interest,Income,Interest,,payments,#10B981,Ally Bank,companies,,,,,Bank Accounts,savings,Ally High Yield Savings,USD,USD,passive-income,,true
demo-us-000889,2026-06-27,0.00,780.39,780.39,transfer,Amex payment,,,,,,,,Bank Accounts,account_balance,Chase Checking,USD,Credit Cards,credit_card,Amex Blue Cash,USD,USD,,,true
demo-us-000899,2026-06-27,-217.58,217.58,0.00,expense,Costco grocery run,Groceries,Groceries,needs,shopping_bag,#22C55E,Costco,stores,Credit Cards,credit_card,Apple Card,USD,,,,,USD,bulk-stockup,,false
demo-us-000885,2026-06-30,3360.00,0.00,3360.00,income,Payroll direct deposit,Income,Salary,,payments,#10B981,Northstar Software,companies,,,,,Bank Accounts,account_balance,Chase Checking,USD,USD,primary-income,,true
demo-us-000900,2026-06-30,-202.33,202.33,0.00,expense,Costco grocery run,Groceries,Groceries,needs,shopping_bag,#22C55E,Costco,stores,Credit Cards,credit_card,Apple Card,USD,,,,,USD,split-receipt,receipt-202606-30,false
demo-us-000901,2026-06-30,-40.40,40.40,0.00,expense,Costco household items,Shopping,Household Supplies,needs,shopping_cart,#F59E0B,Costco,stores,Credit Cards,credit_card,Apple Card,USD,,,,,USD,split-receipt,receipt-202606-30,false
